cog_measure,protein,rho,pval,n,fdr
gcsvd_score,ube2l6,0.51689003785307,5.87372171665012e-28,389,1.08076479586362e-25
gcsvd_score,eno2,0.498554482617972,5.0688081524617e-26,392,4.66330350026476e-24
gcsvd_score,hspa1a,0.484025967643165,1.56391056728249e-24,394,9.59198481266591e-23
gcsvd_score,dusp13,0.479382092574338,4.9455333161241e-24,394,2.27494532541709e-22
gcsvd_score,st6gal1,0.444812975468361,2.1425166514772e-20,391,7.8844612774361e-19
gcsvd_score,arl13b,0.418579370536874,2.68715097891646e-17,374,8.2405963353438e-16
gcsvd_score,ppp3r1,0.408467552549648,8.56901527018293e-17,382,2.25242687101951e-15
gcsvd_score,psap,0.398980657730786,3.83193540788137e-16,385,8.81345143812714e-15
gcsvd_score,blmh,0.389726113746981,1.24232317531422e-15,391,2.53986071397573e-14
gcsvd_score,arhgap1,0.394385969823696,1.6178780577006e-15,378,2.9768956261691e-14
gcsvd_score,elob,0.385425612182272,1.07979983741967e-14,374,1.80621063713835e-13
gcsvd_score,tpp1,0.373963577128076,2.72334548120368e-14,387,4.17579640451231e-13
gcsvd_score,il1rn,0.368180821636637,5.77022227990544e-14,390,8.1670838423277e-13
gcsvd_score,setmar,0.365783666490746,1.54574915137728e-13,382,2.03155602752443e-12
gcsvd_score,phykpl,0.36487121131625,2.39875272732582e-13,378,2.94247001218634e-12
gcsvd_score,smoc2,0.343826514310767,2.24772448276657e-12,394,2.54686835196377e-11
gcsvd_score,ifit3,0.347724978354095,2.35308489040131e-12,384,2.54686835196377e-11
gcsvd_score,snx18,0.305812286591984,6.90210863521643e-10,390,7.05548882711013e-09
gcsvd_score,rnaset2,0.305246231834484,9.56683888220501e-10,385,9.2647281806617e-09
gcsvd_score,serpind1,0.300978476598996,1.13313864770778e-09,393,1.04248755589116e-08
gcsvd_score,itgb5,0.286838502827321,6.72034357341018e-09,394,5.88830103574987e-08
gcsvd_score,tnfsf13,0.283312270616476,1.04410098596608e-08,394,8.73248097353445e-08
gcsvd_score,thpo,0.290864459621198,1.2005040252698e-08,370,9.60403220215837e-08
gcsvd_score,igsf3,0.274454847505425,4.99110380032776e-08,382,3.82651291358462e-07
gcsvd_score,nppc,0.265296414812521,1.22023427353576e-07,386,8.98092425322317e-07
gcsvd_score,glb1,0.265889982044969,1.32761183966719e-07,382,9.39540686533706e-07
gcsvd_score,eno3,0.267016084725039,1.4711858275287e-07,376,1.00258589727882e-06
gcsvd_score,rgmb,0.257238206576583,2.41796048336854e-07,392,1.58894546049933e-06
gcsvd_score,c4bpb,0.255528110669245,2.72441564999533e-07,394,1.72859475723842e-06
gcsvd_score,spock1,0.258608714961486,2.96995674412577e-07,382,1.82157346973047e-06
gcsvd_score,lgals9,0.250322538097472,5.51266078106017e-07,390,3.2720309152099e-06
gcsvd_score,col15a1,0.248200678584237,7.14752835933033e-07,389,4.10982880661494e-06
gcsvd_score,mmp1,0.250709389336379,9.69781341640661e-07,372,5.40726566248126e-06
gcsvd_score,comp,0.242799860188834,1.96025752663309e-06,375,1.06084524970732e-05
gcsvd_score,ret,0.240227494387525,2.03874818836169e-06,382,1.07179904759586e-05
gcsvd_score,pla2g15,0.230543066702564,3.76326895388796e-06,394,1.92344857643162e-05
gcsvd_score,pdia3,0.234784026796949,3.94494927493329e-06,378,1.96181261239926e-05
gcsvd_score,epha1,0.228606856459965,4.55848717496935e-06,394,2.20726747419568e-05
gcsvd_score,thy1,0.22792057584021,5.15642724116247e-06,392,2.43277592916383e-05
gcsvd_score,gsr,0.227913498528969,5.30574943314742e-06,391,2.44064473924781e-05
gcsvd_score,ada,0.226707666904534,5.4926480742576e-06,394,2.46499328210585e-05
gcsvd_score,tgfa,0.228108620489896,5.98527403702405e-06,386,2.6221200543153e-05
gcsvd_score,eps8l2,0.225067047463119,6.62156241800178e-06,393,2.83341275561006e-05
gcsvd_score,ptprf,0.224341314811836,7.49657351465344e-06,391,3.0766581624222e-05
gcsvd_score,ctsl,0.226587387830074,7.52443572331516e-06,383,3.0766581624222e-05
gcsvd_score,cbln4,0.222306304128682,8.40903439196253e-06,394,3.36361375678501e-05
gcsvd_score,penk,0.220378580407901,1.53411877343831e-05,378,6.00591179388616e-05
gcsvd_score,egfr,0.215909658368318,1.6580629155449e-05,391,6.3559078429221e-05
gcsvd_score,mia,0.211770786879279,2.25177803886794e-05,394,8.45565630921837e-05
gcsvd_score,ctsc,0.212007914032432,2.54741709083538e-05,388,9.37449489427418e-05
gcsvd_score,got1,0.210491627122203,2.84958815471518e-05,389,0.00010280867067992
gcsvd_score,robo1,0.205523859423635,3.94744502338228e-05,394,0.000139678823904296
gcsvd_score,cxcl16,0.206337721335757,4.11846929541779e-05,389,0.000142980820822052
gcsvd_score,adgre2,0.198649801844524,7.18139538968748e-05,394,0.000244699398463425
gcsvd_score,acp5,0.199151923711026,8.16320935586375e-05,386,0.000273096458450714
gcsvd_score,prss8,0.197729847060461,8.63262646492847e-05,389,0.000283643440990507
gcsvd_score,lilrb4,0.191535878495226,0.000162496221289722,383,0.000524549205566822
gcsvd_score,igsf21,0.190418227328887,0.000203935708259054,376,0.000646968453787345
gcsvd_score,mstn,0.189526128117974,0.000245837619587153,370,0.000766680033966715
gcsvd_score,itgb1,0.185657475953117,0.000258868244464523,383,0.000793862616357871
gcsvd_score,adgre5,0.180426701904856,0.000360749741465975,387,0.00108816315458589
gcsvd_score,cd8a,0.177550349575849,0.000412124957288811,392,0.0012230805184055
gcsvd_score,muc13,0.178921289024539,0.000419057450826525,385,0.0012239138246362
gcsvd_score,megf10,0.173008750698387,0.000580772581343872,392,0.00166972117136363
gcsvd_score,sfrp4,0.17504912306136,0.00062966448560698,378,0.00178243485156437
gcsvd_score,mepe,0.170222822175243,0.000713839095755709,392,0.00199009687301592
gcsvd_score,rtbdn,0.171932229602348,0.000739406990266887,382,0.00203061024192697
gcsvd_score,dkk4,0.165334910596592,0.00119981855504256,381,0.00324656785482104
gcsvd_score,il2ra,0.161760377060578,0.00155743703224295,380,0.00415316541931453
gcsvd_score,adgrg2,-0.157958747419791,0.00193065365617377,383,0.00507486103908533
gcsvd_score,scrg1,0.156305166929916,0.00198863590512319,389,0.00515364797947419
symbol_digit__n_correct__i2,igsf21,0.328817665181415,0.0021221432014944,85,0.390474349074969
gcsvd_score,myoc,0.153570125253114,0.00223753276636922,394,0.00571813929183245
gcsvd_score,plaur,0.153234474760062,0.00253892912440233,386,0.00639949258753464
gcsvd_score,ckb,-0.150053526437976,0.00300907942301823,389,0.00748203532209937
gcsvd_score,cd302,0.150546229224104,0.00318201864869717,382,0.00780655241813705
gcsvd_score,bag3,0.150266446396892,0.00323958775907578,382,0.00784321246934135
gcsvd_score,fap,0.14691113847883,0.00359707081870827,391,0.00859559780054963
gcsvd_score,siglec1,0.145679597549924,0.0037561647200326,394,0.00886069626264099
gcsvd_score,robo4,0.147193962810872,0.00423255197424437,376,0.00985809573748056
gcsvd_score,il6,0.145274868870441,0.00443870957901854,382,0.0102090320317426
gcsvd_score,trem2,0.139597984483803,0.00562905213952369,392,0.0127869826379304
gcsvd_score,gpc1,0.13591219253982,0.00689743846909241,394,0.0154771790038171
gcsvd_score,tnfrsf6b,0.134230199082331,0.00861906938957683,382,0.0191073345503872
gcsvd_score,igfbp2,-0.132246871774841,0.00884081840361517,391,0.0193656022174428
symbol_digit__n_correct__i2,snx18,0.270346669198945,0.0108516440718248,88,0.621603224632368
symbol_digit__n_correct__i2,itgb5,-0.264368587981635,0.0128106257998578,88,0.621603224632368
gcsvd_score,mxra8,-0.122456293461583,0.0172231895120699,378,0.0372831396496572
symbol_digit__n_correct__i2,magea3,-0.253080163537921,0.0173584933243772,88,0.621603224632368
gcsvd_score,pi3,0.122850977671889,0.0177652292118916,372,0.0380093276161402
gcsvd_score,dpp4,0.121327482381954,0.0187561819278313,375,0.039668246835873
symbol_digit__n_correct__i2,dcbld2,-0.248691768295422,0.0194697003105866,88,0.621603224632368
gcsvd_score,mertk,0.116884164124363,0.0203045161541828,394,0.0423319402160509
gcsvd_score,l1cam,0.116726137701158,0.0204757754305898,394,0.0423319402160509
gcsvd_score,nell2,0.11608510027161,0.021183426655717,394,0.043308338940577
gcsvd_score,hrg,0.115901980963556,0.0218937744694351,391,0.0442687307953412
gcsvd_score,chrdl2,0.116473689423895,0.0226225923155361,383,0.0452451846310721
gcsvd_score,wif1,0.114115175824435,0.0234924690212855,394,0.0464797236550165
symbol_digit__n_correct__i2,cd302,-0.245253726895849,0.0236776972457999,85,0.621603224632368
gcsvd_score,gfap,0.11623165456645,0.0238223477256359,378,0.0466309785267767
gcsvd_score,cr1,0.111659602965987,0.0272606641921189,391,0.0527996022247355
gcsvd_score,klk6,0.110242420805984,0.0286717912761483,394,0.0549542666126175
symbol_digit__n_correct__i2,ssbp1,0.233341503282858,0.0326673231476949,84,0.621603224632368
gcsvd_score,cda,0.10842782291565,0.03274564774116,388,0.0621154555090045
gcsvd_score,obp2b,0.107713507388356,0.0358243560528408,380,0.0672620562624767
gcsvd_score,gzma,0.105285178586929,0.0367058841425378,394,0.0682210371942116
gcsvd_score,lamp3,0.10453749510137,0.0383165279371017,393,0.0705024114042672
gcsvd_score,hpgds,0.105989915926852,0.0394311025076148,378,0.0718348798158527
symbol_digit__n_correct__i2,bag3,-0.225220076868315,0.0406466986851604,83,0.621603224632368
gcsvd_score,itgam,0.10197070541482,0.0430828897308348,394,0.0777181540242511
symbol_digit__n_correct__i2,robo4,0.219361011243961,0.0436847200253496,85,0.621603224632368
symbol_digit__n_correct__i2,sez6l2,0.217740885456354,0.0453023468019753,85,0.621603224632368
symbol_digit__n_correct__i2,prr4,-0.214174956865896,0.046373673040908,87,0.621603224632368
symbol_digit__n_correct__i2,enpp5,0.211649381923669,0.0477546029046773,88,0.621603224632368
gcsvd_score,cd248,0.0984453352182758,0.0523660731636354,389,0.0935471598263001
gcsvd_score,ache,0.0994382459970872,0.0533980830948952,378,0.09447353162943
gcsvd_score,itgb2,0.0980455020360316,0.0552204239227642,383,0.0967672190646535
symbol_digit__n_correct__i2,nefl,-0.205278415913653,0.0564711354325369,87,0.621603224632368
symbol_digit__n_correct__i2,trem2,-0.206074564535183,0.0569651437463775,86,0.621603224632368
gcsvd_score,cpa2,0.0954341055855966,0.0590560895307992,392,0.102512457298746
gcsvd_score,grp,0.0964548041753915,0.0616980774443031,376,0.10528310228949
gcsvd_score,adam23,0.0941859842301022,0.0617966035177442,394,0.10528310228949
symbol_digit__n_correct__i2,adgre5,0.199310810381328,0.064201971341639,87,0.621603224632368
symbol_digit__n_correct__i2,jchain,0.201133077192642,0.0649196913489761,85,0.621603224632368
symbol_digit__n_correct__i2,ache,-0.197451105907345,0.0667794202172193,87,0.621603224632368
symbol_digit__n_correct__i2,il6,-0.19833473884114,0.0688194001633003,85,0.621603224632368
symbol_digit__n_correct__i2,lrtm2,0.194276892596184,0.0697172147832634,88,0.621603224632368
gcsvd_score,tf,0.0901620604889336,0.0738370090564666,394,0.124642290517338
symbol_digit__n_correct__i2,gpc1,-0.191459493462748,0.0739473382572491,88,0.621603224632368
symbol_digit__n_correct__i2,ube2l6,-0.192515086854821,0.074028007539882,87,0.621603224632368
gcsvd_score,ca6,0.0894148164004104,0.0762706875608643,394,0.127580059192718
symbol_digit__n_correct__i2,lamp3,-0.189436971827774,0.0771092470601513,88,0.621603224632368
symbol_digit__n_correct__i2,mertk,-0.188306479385518,0.0789232134026752,88,0.621603224632368
symbol_digit__n_correct__i2,omg,0.19029784983888,0.0810786814737872,85,0.621603224632368
gcsvd_score,klrk1,0.0883394490378636,0.0814433151195723,390,0.135005134972985
symbol_digit__n_correct__i2,mepe,0.185315642823375,0.0875938527350012,86,0.644690756129609
symbol_digit__n_correct__i2,cx3cl1,-0.186519755061093,0.0913428528477243,83,0.646426343230049
gcsvd_score,dcbld2,0.0850512428656809,0.0918129307813246,394,0.150835529140748
gcsvd_score,ltbp2,0.0839514277160961,0.0973892329551528,391,0.158580697909275
gcsvd_score,oscar,0.0823309473314182,0.102721275260751,394,0.164402675053918
gcsvd_score,amn,0.0835010754433744,0.102751671908699,383,0.164402675053918
gcsvd_score,itga2,0.0836623340973313,0.104366663870337,378,0.165547122001225
symbol_digit__n_correct__i2,nptxr,0.176378571167203,0.106367074549096,85,0.702369595103549
symbol_digit__n_correct__i2,nell2,0.173053663387263,0.10688232968967,88,0.702369595103549
gcsvd_score,rgma,0.0814141487690747,0.107519508786614,392,0.167672934088884
gcsvd_score,dner,0.08120434550482,0.107529381643958,394,0.167672934088884
gcsvd_score,siglec8,0.0812020186474543,0.115969166071531,376,0.179313668547578
symbol_digit__n_correct__i2,mxra8,-0.16845395886282,0.118836384861556,87,0.736361216310356
symbol_digit__n_correct__i2,tnr,0.171561796246737,0.120944593485441,83,0.736361216310356
gcsvd_score,cd83,0.0790474705570011,0.121039176330029,386,0.185593403706044
symbol_digit__n_correct__i2,scrg1,-0.166140334211785,0.124060857095766,87,0.736361216310356
gcsvd_score,itgb6,0.0785698125082134,0.124786449118677,383,0.188867166515432
gcsvd_score,sez6l2,0.0785814004303358,0.125227143015667,382,0.188867166515432
gcsvd_score,mog,0.0768110853666124,0.127993621874064,394,0.191470133535186
symbol_digit__n_correct__i2,hspa1a,-0.161898882492187,0.131812784910962,88,0.757923513238034
symbol_digit__n_correct__i2,adgre2,0.157977486833111,0.14155664229813,88,0.789285520692601
gcsvd_score,itga11,-0.0748316661260055,0.142240348543868,386,0.21106632364574
gcsvd_score,art3,0.0742475355442824,0.144344032095855,388,0.212474415245099
gcsvd_score,il22,0.0733253372663314,0.146279763546583,394,0.213614892798185
symbol_digit__n_correct__i2,obp2b,0.157939435772712,0.153856061804331,83,0.796620801589739
symbol_digit__n_correct__i2,mog,-0.153270045647778,0.153960335837367,88,0.796620801589739
symbol_digit__n_correct__i2,igdcc4,0.153463658553944,0.155860591615384,87,0.796620801589739
gcsvd_score,amy2b,0.0725333621735106,0.169079909260195,361,0.244966167747054
symbol_digit__n_correct__i2,itga2,-0.147096778704278,0.173959293096738,87,0.855342332241589
symbol_digit__n_correct__i2,il22,-0.144093626526651,0.180442970367896,88,0.855342332241589
symbol_digit__n_correct__i2,rab6a,0.145509117939971,0.181295385638163,86,0.855342332241589
gcsvd_score,cd5l,0.0671984113505301,0.184837187691569,391,0.264974810364078
gcsvd_score,mansc1,0.0667993850945051,0.185770383353076,394,0.264974810364078
gcsvd_score,ssbp1,0.0669907388994977,0.191382879997925,382,0.270880383997064
gcsvd_score,il15,0.0663927310258109,0.193047583766731,386,0.271150804679988
gcsvd_score,tnr,0.0664545235992099,0.194969214105786,382,0.271775268147459
gcsvd_score,cd34,0.0650433147298088,0.198778126048609,392,0.274317270611251
gcsvd_score,pepd,0.0647571221170109,0.200188170918794,393,0.274317270611251
gcsvd_score,cst5,0.0657903031901056,0.20126538876369,379,0.274317270611251
symbol_digit__n_correct__i2,gsr,-0.137532682242379,0.201317995391189,88,0.874977726842107
symbol_digit__n_correct__i2,gfap,-0.141265524551631,0.202709081725447,83,0.874977726842107
gcsvd_score,amy2a,0.0659813717529516,0.203579009580681,373,0.275430424726804
symbol_digit__n_correct__i2,prss8,-0.136649115042674,0.20692265825749,87,0.874977726842107
symbol_digit__n_correct__i2,cst5,-0.139808614126306,0.21029739359045,82,0.874977726842107
symbol_digit__n_correct__i2,pepd,-0.132679470779999,0.217835542024606,88,0.874977726842107
symbol_digit__n_correct__i2,bcan,0.134814018986682,0.224311266968978,83,0.874977726842107
symbol_digit__n_correct__i2,robo1,0.130757348496909,0.224634890459545,88,0.874977726842107
symbol_digit__n_correct__i2,folr1,-0.130808556296374,0.229951477085161,86,0.874977726842107
symbol_digit__n_correct__i2,phykpl,-0.129861159628963,0.230594457298058,87,0.874977726842107
gcsvd_score,mmp12,0.0600989951664428,0.236970844701769,389,0.31826741186223
gcsvd_score,enpp5,0.0586642018916769,0.245336141079871,394,0.327114854773161
symbol_digit__n_correct__i2,blmh,-0.123824250315884,0.250392877262622,88,0.874977726842107
gcsvd_score,rab6a,0.0585685813675548,0.250991766191869,386,0.332248093376287
symbol_digit__n_correct__i2,eno3,-0.125563057718312,0.252195796087223,85,0.874977726842107
symbol_digit__n_correct__i2,il17rb,0.125091312554074,0.253996400682472,85,0.874977726842107
symbol_digit__n_correct__i2,tnxb,0.122843901401115,0.254192289207368,88,0.874977726842107
gcsvd_score,prr4,0.0585817603261522,0.256522183965112,377,0.337143441782718
symbol_digit__n_correct__i2,penk,-0.122586741397812,0.257993082740437,87,0.874977726842107
symbol_digit__n_correct__i2,cd248,-0.121888899264212,0.260733349384648,87,0.874977726842107
symbol_digit__n_correct__i2,cxcl16,-0.120724228071884,0.26254142903162,88,0.874977726842107
symbol_digit__n_correct__i2,ly9,-0.12164053001384,0.267434755604839,85,0.874977726842107
symbol_digit__n_correct__i2,ppp3r1,-0.121250477629484,0.274865492270231,83,0.874977726842107
symbol_digit__n_correct__i2,eno2,-0.117448083485778,0.275808196504577,88,0.874977726842107
gcsvd_score,clec4a,0.0546246578695224,0.284383919910471,386,0.371110930946998
symbol_digit__n_correct__i2,pla2g15,-0.115382916939013,0.284398104008691,88,0.883544650141973
symbol_digit__n_correct__i2,lgals9,-0.11487115716603,0.289389648815676,87,0.883544650141973
symbol_digit__n_correct__i2,cd8a,0.113376027197218,0.292914259014458,88,0.883544650141973
symbol_digit__n_correct__i2,acp5,0.111315284000265,0.30467636446714,87,0.894416597478628
symbol_digit__n_correct__i2,ltbp2,-0.110311332842039,0.306240465441052,88,0.894416597478628
gcsvd_score,cd209,0.050971071151617,0.317249707688857,387,0.411084128272885
symbol_digit__n_correct__i2,lrrn1,0.10921226584209,0.319756222426805,85,0.900509553796705
symbol_digit__n_correct__i2,muc13,-0.107497192642614,0.321665981535092,87,0.900509553796705
symbol_digit__n_correct__i2,eps8l2,0.106575877832973,0.323008861687949,88,0.900509553796705
gcsvd_score,alpp,-0.0493730233329648,0.335842946522763,382,0.43213358153978
symbol_digit__n_correct__i2,ptprr,0.103678521715989,0.336412349321081,88,0.923878690672819
gcsvd_score,chgb,0.0484272401456727,0.339536585500223,391,0.43385230369473
gcsvd_score,vgf,-0.0478737832143056,0.343235463701745,394,0.435553967731869
symbol_digit__n_correct__i2,vgf,0.101687807410585,0.34582236875803,88,0.93575464487467
gcsvd_score,fcrl6,-0.0474725839231846,0.352273779511103,386,0.443961475548239
symbol_digit__n_correct__i2,plaur,-0.101097686058119,0.357240712081231,85,0.942789082014157
gcsvd_score,folr1,0.0465162669480851,0.360198397688004,389,0.448260216080329
gcsvd_score,hla_a,0.0461841248508599,0.360557130325482,394,0.448260216080329
symbol_digit__n_correct__i2,vat1,-0.0979618360702311,0.372425737852651,85,0.942789082014157
symbol_digit__n_correct__i2,itgb1,0.0952360951487122,0.383075058737635,86,0.942789082014157
symbol_digit__n_correct__i2,klrk1,-0.0940476701006394,0.383445887662015,88,0.942789082014157
gcsvd_score,dpp6,-0.0443778191309676,0.38707161329696,382,0.477994475480809
symbol_digit__n_correct__i2,thy1,0.0930805648861941,0.388377812819193,88,0.942789082014157
symbol_digit__n_correct__i2,comp,-0.0958577060652504,0.388660842060149,83,0.942789082014157
symbol_digit__n_correct__i2,ctsl,-0.0934671173558585,0.394863838424999,85,0.942789082014157
symbol_digit__n_correct__i2,rgma,-0.090580706935785,0.401300964842486,88,0.942789082014157
symbol_digit__n_correct__i2,chga,0.09088041717928,0.402508353675856,87,0.942789082014157
symbol_digit__n_correct__i2,cd5l,0.0905667395612647,0.404141017942976,87,0.942789082014157
symbol_digit__n_correct__i2,hrg,-0.0903199387974219,0.405428325991859,87,0.942789082014157
symbol_digit__n_correct__i2,itgb6,0.0895983166967805,0.414805209075022,85,0.942789082014157
symbol_digit__n_correct__i2,tpp1,0.0890192159027962,0.415032150234493,86,0.942789082014157
gcsvd_score,galnt7,0.0410457946609155,0.42374511060514,382,0.518912918018117
gcsvd_score,lpo,0.0414088305706335,0.425847014243129,372,0.518912918018117
symbol_digit__n_correct__i2,tnfsf13,-0.0850342283909651,0.430863801441835,88,0.956254597626021
gcsvd_score,ctsf,-0.0393523019273961,0.436014555064783,394,0.527638655640892
gcsvd_score,hla_e,0.0395245094763693,0.438743012570959,386,0.527638655640892
symbol_digit__n_correct__i2,arhgap1,-0.0860188463200925,0.439392878588615,83,0.956254597626021
symbol_digit__n_correct__i2,st6gal1,-0.0831622164311988,0.441114882230135,88,0.956254597626021
symbol_digit__n_correct__i2,ptprf,-0.083047400287018,0.441748047816368,88,0.956254597626021
symbol_digit__n_correct__i2,clec4a,0.0808320895170921,0.459391731375849,86,0.963775542256331
gcsvd_score,clec4m,0.0373330065437365,0.46340111106389,388,0.553674054777635
gcsvd_score,omg,0.0373322891046108,0.466910337901798,382,0.554267755960844
symbol_digit__n_correct__i2,mmp12,-0.0775742615092515,0.47774255772574,86,0.963775542256331
symbol_digit__n_correct__i2,susd2,0.0760612795141763,0.481222767818615,88,0.963775542256331
symbol_digit__n_correct__i2,got1,-0.0751685156273156,0.488959777659946,87,0.963775542256331
symbol_digit__n_correct__i2,lto1,0.0752586409204419,0.493628740029314,85,0.963775542256331
symbol_digit__n_correct__i2,pdia3,-0.0739873848540768,0.495832778840373,87,0.963775542256331
gcsvd_score,igdcc4,0.0345379244323321,0.497008080891521,389,0.586214659513076
symbol_digit__n_correct__i2,amy2a,-0.0746169507919189,0.499949100826438,84,0.963775542256331
gcsvd_score,chad,0.0345350939930205,0.503230833062031,378,0.589773715180979
symbol_digit__n_correct__i2,tf,0.0721401842124169,0.50417838684216,88,0.963775542256331
symbol_digit__n_correct__i2,dusp13,0.0715301428893255,0.50780012008756,88,0.963775542256331
symbol_digit__n_correct__i2,rtbdn,0.0707547178448544,0.519916009486787,85,0.963775542256331
symbol_digit__n_correct__i2,thpo,-0.0703846738628737,0.524639517226469,84,0.963775542256331
symbol_digit__n_correct__i2,l1cam,-0.0669375173426593,0.535490325616716,88,0.963775542256331
symbol_digit__n_correct__i2,nppc,0.0676253858158303,0.536137716922022,86,0.963775542256331
symbol_digit__n_correct__i2,ptprn2,0.0688391846677034,0.536326308089655,83,0.963775542256331
symbol_digit__n_correct__i2,rgmb,-0.0663634391493261,0.539003406218768,88,0.963775542256331
symbol_digit__n_correct__i2,ca6,0.0656221313293655,0.543556574690142,88,0.963775542256331
gcsvd_score,ca14,0.0306382847646355,0.544273921631695,394,0.633837984685012
symbol_digit__n_correct__i2,serpind1,-0.0650033154297365,0.54737173333379,88,0.963775542256331
symbol_digit__n_correct__i2,dner,-0.0646812332236496,0.549362589008965,88,0.963775542256331
symbol_digit__n_correct__i2,cntn5,0.0650320997918714,0.549546603155576,87,0.963775542256331
symbol_digit__n_correct__i2,chad,0.0647934990689197,0.551015324919472,87,0.963775542256331
symbol_digit__n_correct__i2,igsf3,0.0648831770670265,0.555218518908538,85,0.963775542256331
symbol_digit__n_correct__i2,setmar,-0.0629630541728925,0.571745333708958,83,0.979492959802985
gcsvd_score,tnxb,0.0285219571325055,0.572440597591718,394,0.660405015874078
gcsvd_score,susd2,0.0283866052650247,0.574265231194851,394,0.660405015874078
symbol_digit__n_correct__i2,ctsf,-0.0603930259386601,0.5761979595168,88,0.979492959802985
symbol_digit__n_correct__i2,chrdl2,0.0606482143806522,0.581374647784395,85,0.979492959802985
symbol_digit__n_correct__i2,hla_a,-0.0589180865804038,0.58556644336048,88,0.979492959802985
symbol_digit__n_correct__i2,clec10a,-0.0593194320381173,0.594241757335889,83,0.98504939954778
symbol_digit__n_correct__i2,lpo,0.0585376786896406,0.601397587879819,82,0.988010322945417
symbol_digit__n_correct__i2,crtac1,-0.0536983910071736,0.619265378990447,88,0.994486076127547
symbol_digit__n_correct__i2,col15a1,0.0536394034413778,0.62170588834759,87,0.994486076127547
symbol_digit__n_correct__i2,hpgds,-0.0547622430049561,0.622923837430855,83,0.994486076127547
symbol_digit__n_correct__i2,arl13b,0.0541285124610682,0.626958613210845,83,0.994486076127547
symbol_digit__n_correct__i2,tgfa,-0.0520993622282627,0.633786997617426,86,0.996434775394507
symbol_digit__n_correct__i2,ctsc,-0.0490849150589808,0.653572628606072,86,0.996434775394507
symbol_digit__n_correct__i2,wif1,-0.0477809696297384,0.658439260285318,88,0.996434775394507
symbol_digit__n_correct__i2,ckb,0.0478394954758475,0.659926073952857,87,0.996434775394507
symbol_digit__n_correct__i2,dkk4,-0.0489572234236122,0.660284041521123,83,0.996434775394507
symbol_digit__n_correct__i2,il15,-0.0480111373932835,0.660679579337662,86,0.996434775394507
gcsvd_score,magea3,0.0219890201660063,0.667528677680246,384,0.759759103715101
gcsvd_score,nptxr,0.0216098924535509,0.673331006395233,383,0.759759103715101
gcsvd_score,vat1,0.0215193530373424,0.675024603798865,382,0.759759103715101
gcsvd_score,chga,-0.0211739850354373,0.67717659244172,389,0.759759103715101
symbol_digit__n_correct__i2,lilrb4,-0.0435396261642161,0.692356066194458,85,0.996448747676304
symbol_digit__n_correct__i2,mansc1,-0.0423318291583194,0.695349777085198,88,0.996448747676304
gcsvd_score,cntn5,0.0196244443135122,0.698872344879955,391,0.774964072833388
symbol_digit__n_correct__i2,hla_e,-0.0422380654812191,0.699392726196906,86,0.996448747676304
gcsvd_score,fgfbp2,0.0195870422378885,0.700155482601982,389,0.774964072833388
gcsvd_score,lrtm2,-0.0192429429642423,0.703364131321608,394,0.774964072833388
symbol_digit__n_correct__i2,klk6,0.0407153918656366,0.706441650482699,88,0.996448747676304
symbol_digit__n_correct__i2,fam3b,-0.041350774025043,0.707101743154504,85,0.996448747676304
symbol_digit__n_correct__i2,smoc2,-0.0402783865797028,0.709451013264875,88,0.996448747676304
symbol_digit__n_correct__i2,galnt7,-0.0395965734188239,0.718997990380512,85,0.996448747676304
gcsvd_score,fam3b,-0.018212727812484,0.722718928270334,382,0.787236413142933
gcsvd_score,nefl,0.0181416653138539,0.723059531636716,384,0.787236413142933
symbol_digit__n_correct__i2,mmp1,-0.0380341953245028,0.731229658528533,84,0.996448747676304
symbol_digit__n_correct__i2,itgb2,-0.0360238891510343,0.741936329335506,86,0.996448747676304
symbol_digit__n_correct__i2,mia,0.0352928717082294,0.744088158133241,88,0.996448747676304
symbol_digit__n_correct__i2,fcrl6,0.0355657408272137,0.745105634216728,86,0.996448747676304
symbol_digit__n_correct__i2,epha1,-0.0343387079335347,0.750778144481644,88,0.996448747676304
symbol_digit__n_correct__i2,tnfrsf6b,-0.0341301771866111,0.759365316982323,83,0.996448747676304
symbol_digit__n_correct__i2,megf10,-0.0329753366731765,0.763103487301956,86,0.996448747676304
gcsvd_score,cd160,0.0149416832221306,0.767491172513626,394,0.830696327897101
symbol_digit__n_correct__i2,ada,-0.0318480917716888,0.768326552968014,88,0.996448747676304
symbol_digit__n_correct__i2,dpp6,0.0318731256528656,0.772138839366163,85,0.996448747676304
gcsvd_score,il17rb,0.0145334547055816,0.77707119296179,382,0.836146780730815
gcsvd_score,ly9,0.0141250772945326,0.782620843829237,384,0.836878921079752
symbol_digit__n_correct__i2,neo1,0.0295164511095352,0.784861439420311,88,0.996448747676304
gcsvd_score,clec10a,0.0138799826208252,0.786848116015201,382,0.836878921079752
symbol_digit__n_correct__i2,alpp,-0.0294574462505485,0.788990965246785,85,0.996448747676304
symbol_digit__n_correct__i2,itga11,0.0268305883126274,0.806286222725811,86,0.996448747676304
symbol_digit__n_correct__i2,mstn,-0.0258868360464074,0.815186131573226,84,0.996448747676304
symbol_digit__n_correct__i2,elob,-0.0253593885221411,0.819982251207145,83,0.996448747676304
symbol_digit__n_correct__i2,adam23,-0.0244826581257611,0.820876513020414,88,0.996448747676304
symbol_digit__n_correct__i2,spock1,-0.0251367804500242,0.821536226298684,83,0.996448747676304
gcsvd_score,lto1,-0.0115005152142396,0.822491763700215,383,0.869761405292181
symbol_digit__n_correct__i2,plxdc1,0.0249484141689886,0.822851704685444,83,0.996448747676304
symbol_digit__n_correct__i2,ifit3,-0.023325238593741,0.829213136636436,88,0.996448747676304
symbol_digit__n_correct__i2,cbln4,-0.0232015909828693,0.830104877002482,88,0.996448747676304
symbol_digit__n_correct__i2,cda,-0.0222562421634866,0.837872798558619,87,0.996448747676304
symbol_digit__n_correct__i2,fap,0.0218767951521002,0.839672509540325,88,0.996448747676304
symbol_digit__n_correct__i2,egfr,-0.0215941720415361,0.841716670222299,88,0.996448747676304
gcsvd_score,itgav,-0.00964354711331127,0.848670379737235,394,0.888672316506135
gcsvd_score,bcan,0.00970547424784763,0.85003438970152,382,0.888672316506135
gcsvd_score,neo1,0.00919239189166746,0.855670713904163,394,0.889510798634836
symbol_digit__n_correct__i2,rnaset2,0.0194303388512799,0.857401053173465,88,0.996448747676304
symbol_digit__n_correct__i2,c4bpb,0.0176462804658442,0.870374681927459,88,0.996448747676304
symbol_digit__n_correct__i2,myoc,-0.0173593177990146,0.872464764062927,88,0.996448747676304
symbol_digit__n_correct__i2,glb1,0.0161119707115781,0.885050167086785,83,0.996448747676304
symbol_digit__n_correct__i2,sfrp4,0.0148322042512558,0.891542955141606,87,0.996448747676304
symbol_digit__n_correct__i2,igfbp2,-0.0146345779438958,0.892351910640485,88,0.996448747676304
symbol_digit__n_correct__i2,ret,-0.014848642485883,0.892708196507586,85,0.996448747676304
symbol_digit__n_correct__i2,amy2b,0.0134038737527399,0.904864021294516,82,0.996448747676304
symbol_digit__n_correct__i2,psap,0.013068491940708,0.904939545253923,86,0.996448747676304
gcsvd_score,lrrn1,0.00538714950768367,0.91630855948298,383,0.943651879658206
symbol_digit__n_correct__i2,cr1,0.0109737737803488,0.919173995441315,88,0.996448747676304
gcsvd_score,plxdc1,-0.00518728534085355,0.919932287627725,378,0.943651879658206
symbol_digit__n_correct__i2,dpp4,0.0107981313803631,0.92234010943013,84,0.996448747676304
gcsvd_score,ptprr,0.00490126290765308,0.923137708361289,390,0.943651879658206
symbol_digit__n_correct__i2,fgfbp2,-0.0102828454960669,0.924690348301054,87,0.996448747676304
symbol_digit__n_correct__i2,siglec8,0.0096064791768291,0.930466440447848,85,0.996448747676304
symbol_digit__n_correct__i2,itgam,0.00930006673199898,0.931468969859244,88,0.996448747676304
symbol_digit__n_correct__i2,pi3,0.00893036808502081,0.935349335613834,85,0.996448747676304
symbol_digit__n_correct__i2,ca14,0.00862000487220418,0.936469431677915,88,0.996448747676304
symbol_digit__n_correct__i2,chgb,-0.00835066648637409,0.938450555427885,88,0.996448747676304
symbol_digit__n_correct__i2,cd209,-0.00739239328301969,0.945502104954986,88,0.996448747676304
symbol_digit__n_correct__i2,art3,0.00732175599400212,0.946338168004254,87,0.996448747676304
gcsvd_score,ptprn2,0.00328098507880287,0.949103985758102,381,0.960724328488441
gcsvd_score,jchain,0.00319653278024023,0.950281672744002,383,0.960724328488441
symbol_digit__n_correct__i2,itgav,-0.00604106898830703,0.955452967508663,88,0.996448747676304
symbol_digit__n_correct__i2,il2ra,0.00608420181018965,0.955662507017009,86,0.996448747676304
symbol_digit__n_correct__i2,il1rn,0.00602398738686587,0.955839060833168,87,0.996448747676304
symbol_digit__n_correct__i2,cd83,0.00525252425734529,0.961718272158665,86,0.996448747676304
symbol_digit__n_correct__i2,adgrg2,-0.00512589142228202,0.962864746033512,85,0.996448747676304
symbol_digit__n_correct__i2,oscar,-0.00441598610256362,0.967428633920316,88,0.996448747676304
gcsvd_score,cx3cl1,-0.00173232052751933,0.973078931650076,382,0.978396302861278
symbol_digit__n_correct__i2,cd34,0.00322366985487144,0.976219870888789,88,0.996448747676304
symbol_digit__n_correct__i2,siglec1,-0.00288365162115404,0.97872747384771,88,0.996448747676304
symbol_digit__n_correct__i2,amn,-0.00286215557643572,0.979259642737562,85,0.996448747676304
symbol_digit__n_correct__i2,clec4m,0.0025500992047691,0.981297906414779,87,0.996448747676304
symbol_digit__n_correct__i2,grp,-0.00192129583536582,0.986076653772846,85,0.996448747676304
symbol_digit__n_correct__i2,cd160,-0.00121881216430756,0.991008035582671,88,0.996448747676304
gcsvd_score,crtac1,-0.000477381659962233,0.9924925041732,391,0.9924925041732
symbol_digit__n_correct__i2,cpa2,-0.00067122988758967,0.995047831901785,88,0.996448747676304
symbol_digit__n_correct__i2,gzma,0.000481344604449908,0.996448747676304,88,0.996448747676304
