protein,years_to_dx,pred_npx,pred_lci,pred_uci,hc_mean,hc_lci,hc_uci
NEFL,-8,0.192806146793771,-0.0932590980718924,0.478871391659435,-0.0057761220984011,-0.484760424807479,0.473208180610676
NEFL,-7.75,0.191525337039722,-0.0799272546050046,0.462977928684448,-0.0057761220984011,-0.484760424807479,0.473208180610676
NEFL,-7.5,0.190246094242463,-0.0670511533947546,0.447543341879681,-0.0057761220984011,-0.484760424807479,0.473208180610676
NEFL,-7.25,0.188969985358788,-0.0547226153730607,0.432662586090637,-0.0057761220984011,-0.484760424807479,0.473208180610676
NEFL,-7,0.187698577345487,-0.0430403144110956,0.41843746910207,-0.0057761220984011,-0.484760424807479,0.473208180610676
NEFL,-6.75,0.186433437159353,-0.0321093229081056,0.404976197226811,-0.0057761220984011,-0.484760424807479,0.473208180610676
NEFL,-6.5,0.185176131757176,-0.0220397427902219,0.392392006304573,-0.0057761220984011,-0.484760424807479,0.473208180610676
NEFL,-6.25,0.183928228095748,-0.0129440031922262,0.380800459383722,-0.0057761220984011,-0.484760424807479,0.473208180610676
NEFL,-6,0.182691293131861,-0.00493239999294667,0.370314986256668,-0.0057761220984011,-0.484760424807479,0.473208180610676
NEFL,-5.75,0.181466893822306,0.00189340269755578,0.361040384947055,-0.0057761220984011,-0.484760424807479,0.473208180610676
NEFL,-5.5,0.180256597123874,0.00744880816545723,0.353064386082291,-0.0057761220984011,-0.484760424807479,0.473208180610676
NEFL,-5.25,0.179061969993358,0.0116759201785885,0.346448019808128,-0.0057761220984011,-0.484760424807479,0.473208180610676
NEFL,-5,0.177884579387549,0.0145528728281971,0.341216285946901,-0.0057761220984011,-0.484760424807479,0.473208180610676
NEFL,-4.75,0.176725992263238,0.0161008106962176,0.337351173830259,-0.0057761220984011,-0.484760424807479,0.473208180610676
NEFL,-4.5,0.175587775577217,0.016386560003562,0.334788991150872,-0.0057761220984011,-0.484760424807479,0.473208180610676
NEFL,-4.25,0.174471496286277,0.0155199463695462,0.333423046203008,-0.0057761220984011,-0.484760424807479,0.473208180610676
NEFL,-4,0.17337872134721,0.0136461712054851,0.333111271488935,-0.0057761220984011,-0.484760424807479,0.473208180610676
NEFL,-3.75,0.172311017716808,0.0109349837029818,0.333687051730634,-0.0057761220984011,-0.484760424807479,0.473208180610676
NEFL,-3.5,0.171269952351861,0.00756897233772139,0.334970932366001,-0.0057761220984011,-0.484760424807479,0.473208180610676
NEFL,-3.25,0.170257092209162,0.00373301440244966,0.336781170015874,-0.0057761220984011,-0.484760424807479,0.473208180610676
NEFL,-3,0.169274004245502,-0.000393900798962205,0.338941909289966,-0.0057761220984011,-0.484760424807479,0.473208180610676
NEFL,-2.75,0.168322255417672,-0.00464414284179029,0.341288653677135,-0.0057761220984011,-0.484760424807479,0.473208180610676
NEFL,-2.5,0.167403412682464,-0.00886450041260886,0.343671325777538,-0.0057761220984011,-0.484760424807479,0.473208180610676
NEFL,-2.25,0.16651904299667,-0.0129174217989916,0.345955507792332,-0.0057761220984011,-0.484760424807479,0.473208180610676
NEFL,-2,0.165670713317081,-0.016681068563965,0.348022495198127,-0.0057761220984011,-0.484760424807479,0.473208180610676
NEFL,-1.75,0.164859990600489,-0.020048722552289,0.349768703753267,-0.0057761220984011,-0.484760424807479,0.473208180610676
NEFL,-1.5,0.164088441803684,-0.0229279526092371,0.351104836216606,-0.0057761220984011,-0.484760424807479,0.473208180610676
NEFL,-1.25,0.16335763388346,-0.0252398255009651,0.351955093267884,-0.0057761220984011,-0.484760424807479,0.473208180610676
NEFL,-1,0.162669133796606,-0.0269183565251736,0.352256624118386,-0.0057761220984011,-0.484760424807479,0.473208180610676
NEFL,-0.75,0.162024508499915,-0.027910342515552,0.351959359515382,-0.0057761220984011,-0.484760424807479,0.473208180610676
NEFL,-0.5,0.161425324950179,-0.0281756997043927,0.35102634960475,-0.0057761220984011,-0.484760424807479,0.473208180610676
NEFL,-0.25,0.160873150104188,-0.0276884365021235,0.349434736710499,-0.0057761220984011,-0.484760424807479,0.473208180610676
NEFL,0,0.160369550918734,-0.0264384233259113,0.347177525163379,-0.0057761220984011,-0.484760424807479,0.473208180610676
NEFL,0.25,0.159915237734549,-0.0244505337804937,0.344281009249591,-0.0057761220984011,-0.484760424807479,0.473208180610676
NEFL,0.5,0.159507494428123,-0.0218330866364628,0.340848075492709,-0.0057761220984011,-0.484760424807479,0.473208180610676
NEFL,0.75,0.159142748259887,-0.0187225643882828,0.337008060908058,-0.0057761220984011,-0.484760424807479,0.473208180610676
NEFL,1,0.158817426490272,-0.0152648486095108,0.332899701590055,-0.0057761220984011,-0.484760424807479,0.473208180610676
NEFL,1.25,0.158527956379708,-0.0116133735921411,0.328669286351557,-0.0057761220984011,-0.484760424807479,0.473208180610676
NEFL,1.5,0.158270765188625,-0.00792663917276204,0.324468169550013,-0.0057761220984011,-0.484760424807479,0.473208180610676
NEFL,1.75,0.158042280177455,-0.00436471052966694,0.320449270884576,-0.0057761220984011,-0.484760424807479,0.473208180610676
NEFL,2,0.157838928606627,-0.0010843944902339,0.316762251703488,-0.0057761220984011,-0.484760424807479,0.473208180610676
NEFL,2.25,0.157657137736572,0.00176704580555631,0.313547229667589,-0.0057761220984011,-0.484760424807479,0.473208180610676
NEFL,2.5,0.157493334827722,0.00405945625486676,0.310927213400577,-0.0057761220984011,-0.484760424807479,0.473208180610676
NEFL,2.75,0.157343947140506,0.00568800652620335,0.308999887754808,-0.0057761220984011,-0.484760424807479,0.473208180610676
NEFL,3,0.157205401935354,0.00658095830877134,0.307829845561938,-0.0057761220984011,-0.484760424807479,0.473208180610676
NEFL,3.25,0.157074126472699,0.00670561299182734,0.30744263995357,-0.0057761220984011,-0.484760424807479,0.473208180610676
NEFL,3.5,0.156946548012969,0.00607117938243029,0.307821916643508,-0.0057761220984011,-0.484760424807479,0.473208180610676
NEFL,3.75,0.156819093816596,0.00472787185373047,0.308910315779462,-0.0057761220984011,-0.484760424807479,0.473208180610676
NEFL,4,0.156688191144011,0.00276239914543877,0.310613983142582,-0.0057761220984011,-0.484760424807479,0.473208180610676
NEFL,4.25,0.156550267255643,0.000290790769862798,0.312809743741422,-0.0057761220984011,-0.484760424807479,0.473208180610676
NEFL,4.5,0.156401749411923,-0.00255007499373597,0.315353573817582,-0.0057761220984011,-0.484760424807479,0.473208180610676
NEFL,4.75,0.156239064873282,-0.00561092504812172,0.318089054794687,-0.0057761220984011,-0.484760424807479,0.473208180610676
NEFL,5,0.156058640900151,-0.00873759497314902,0.320854876773452,-0.0057761220984011,-0.484760424807479,0.473208180610676
NEFL,5.25,0.15585690475296,-0.0117771467982601,0.323490956304181,-0.0057761220984011,-0.484760424807479,0.473208180610676
NEFL,5.5,0.15563028369214,-0.0145825951740223,0.325843162558302,-0.0057761220984011,-0.484760424807479,0.473208180610676
NEFL,5.75,0.155375204978121,-0.0170165196806509,0.327766929636892,-0.0057761220984011,-0.484760424807479,0.473208180610676
NEFL,6,0.155088095871333,-0.0189539875575656,0.329130179300232,-0.0057761220984011,-0.484760424807479,0.473208180610676
NEFL,6.25,0.154765383632208,-0.0202852714786847,0.3298160387431,-0.0057761220984011,-0.484760424807479,0.473208180610676
NEFL,6.5,0.154403495521175,-0.0209188784538684,0.329725869496219,-0.0057761220984011,-0.484760424807479,0.473208180610676
NEFL,6.75,0.153998858798666,-0.0207854562477123,0.328783173845045,-0.0057761220984011,-0.484760424807479,0.473208180610676
NEFL,7,0.153547900725111,-0.0198432489705279,0.326939050420751,-0.0057761220984011,-0.484760424807479,0.473208180610676
NEFL,7.25,0.153048059801624,-0.0181066457580993,0.324202765361348,-0.0057761220984011,-0.484760424807479,0.473208180610676
NEFL,7.5,0.152500819492053,-0.0157145883941734,0.320716227378279,-0.0057761220984011,-0.484760424807479,0.473208180610676
NEFL,7.75,0.151908674500927,-0.0128682318648994,0.316685580866753,-0.0057761220984011,-0.484760424807479,0.473208180610676
NEFL,8,0.151274119532778,-0.00981186149258414,0.312360100558141,-0.0057761220984011,-0.484760424807479,0.473208180610676
NEFL,8.25,0.150599649292137,-0.00683451583128911,0.308033814415563,-0.0057761220984011,-0.484760424807479,0.473208180610676
NEFL,8.5,0.149887758483534,-0.00426861859559127,0.30404413556266,-0.0057761220984011,-0.484760424807479,0.473208180610676
NEFL,8.75,0.149140941811501,-0.00248221555981568,0.300764099182817,-0.0057761220984011,-0.484760424807479,0.473208180610676
NEFL,9,0.148361693980567,-0.00186112435221447,0.298584512313349,-0.0057761220984011,-0.484760424807479,0.473208180610676
NEFL,9.25,0.147552509695264,-0.00277897756329792,0.297883996953827,-0.0057761220984011,-0.484760424807479,0.473208180610676
NEFL,9.5,0.146715883660123,-0.00555780915761378,0.29898957647786,-0.0057761220984011,-0.484760424807479,0.473208180610676
NEFL,9.75,0.145854310579674,-0.0104283502822199,0.302136971441568,-0.0057761220984011,-0.484760424807479,0.473208180610676
NEFL,10,0.144970285158448,-0.0175031269118946,0.307443697228791,-0.0057761220984011,-0.484760424807479,0.473208180610676
NEFL,10.25,0.144066302100976,-0.0267721026718793,0.314904706873831,-0.0057761220984011,-0.484760424807479,0.473208180610676
NEFL,10.5,0.143144856111788,-0.0381208448837995,0.324410557107376,-0.0057761220984011,-0.484760424807479,0.473208180610676
NEFL,10.75,0.142208441895416,-0.0513620202346365,0.335778904025468,-0.0057761220984011,-0.484760424807479,0.473208180610676
NEFL,11,0.14125955415639,-0.0662684979274474,0.348787606240227,-0.0057761220984011,-0.484760424807479,0.473208180610676
NEFL,11.25,0.140300687599241,-0.0826000064063576,0.363201381604839,-0.0057761220984011,-0.484760424807479,0.473208180610676
NEFL,11.5,0.139334336928499,-0.100120669752572,0.37878934360957,-0.0057761220984011,-0.484760424807479,0.473208180610676
NEFL,11.75,0.138362996848696,-0.118608446069463,0.395334439766855,-0.0057761220984011,-0.484760424807479,0.473208180610676
NEFL,12,0.137389162064362,-0.137858866401917,0.412637190530641,-0.0057761220984011,-0.484760424807479,0.473208180610676
MOG,-8,0.0913453347079435,-0.0676311332239448,0.250321802639832,-0.00755734102078591,-0.382895566974735,0.367780884933163
MOG,-7.75,0.0902655574753926,-0.0605462049485236,0.241077319899309,-0.00755734102078591,-0.382895566974735,0.367780884933163
MOG,-7.5,0.0891870428466983,-0.0537099065854255,0.232083992278822,-0.00755734102078591,-0.382895566974735,0.367780884933163
MOG,-7.25,0.0881110534257167,-0.0471726016890358,0.223394708540469,-0.00755734102078591,-0.382895566974735,0.367780884933163
MOG,-7,0.0870388518163043,-0.0409885520863157,0.215066255718924,-0.00755734102078591,-0.382895566974735,0.367780884933163
MOG,-6.75,0.0859717006223175,-0.0352157270637509,0.207159128308386,-0.00755734102078591,-0.382895566974735,0.367780884933163
MOG,-6.5,0.0849108624476128,-0.029915121835004,0.19973684673023,-0.00755734102078591,-0.382895566974735,0.367780884933163
MOG,-6.25,0.0838575998960466,-0.0251493476692848,0.192864547461378,-0.00755734102078591,-0.382895566974735,0.367780884933163
MOG,-6,0.0828131755714753,-0.0209802435244992,0.18660659466745,-0.00755734102078591,-0.382895566974735,0.367780884933163
MOG,-5.75,0.0817788520777552,-0.0174653275545608,0.181023031710071,-0.00755734102078591,-0.382895566974735,0.367780884933163
MOG,-5.5,0.0807558920187428,-0.0146531082155523,0.176164892253038,-0.00755734102078591,-0.382895566974735,0.367780884933163
MOG,-5.25,0.0797455579982945,-0.0125776301360124,0.172068746132601,-0.00755734102078591,-0.382895566974735,0.367780884933163
MOG,-5,0.0787491126202667,-0.0112530738907713,0.168751299131305,-0.00755734102078591,-0.382895566974735,0.367780884933163
MOG,-4.75,0.0777678184885158,-0.0106695745485316,0.166205211525563,-0.00755734102078591,-0.382895566974735,0.367780884933163
MOG,-4.5,0.0768029382068984,-0.0107914220346573,0.164397298448454,-0.00755734102078591,-0.382895566974735,0.367780884933163
MOG,-4.25,0.0758557343792706,-0.0115583181246045,0.163269786883146,-0.00755734102078591,-0.382895566974735,0.367780884933163
MOG,-4,0.0749274696094889,-0.0128895295763272,0.162744468795305,-0.00755734102078591,-0.382895566974735,0.367780884933163
MOG,-3.75,0.0740194065014099,-0.0146899806768648,0.162728793679685,-0.00755734102078591,-0.382895566974735,0.367780884933163
MOG,-3.5,0.0731328076588896,-0.0168569452325428,0.163122560550322,-0.00755734102078591,-0.382895566974735,0.367780884933163
MOG,-3.25,0.072268935685785,-0.0192861327085983,0.163824004080168,-0.00755734102078591,-0.382895566974735,0.367780884933163
MOG,-3,0.0714290531859519,-0.0218764322513472,0.164734538623251,-0.00755734102078591,-0.382895566974735,0.367780884933163
MOG,-2.75,0.0706144227632472,-0.0245330983253093,0.165761943851804,-0.00755734102078591,-0.382895566974735,0.367780884933163
MOG,-2.5,0.069826307021527,-0.0271695373716458,0.1668221514147,-0.00755734102078591,-0.382895566974735,0.367780884933163
MOG,-2.25,0.069065968564648,-0.0297080348830293,0.167839972012325,-0.00755734102078591,-0.382895566974735,0.367780884933163
MOG,-2,0.0683346699964662,-0.0320797905080448,0.168749130500977,-0.00755734102078591,-0.382895566974735,0.367780884933163
MOG,-1.75,0.0676336739208384,-0.0342245756708009,0.169491923512478,-0.00755734102078591,-0.382895566974735,0.367780884933163
MOG,-1.5,0.0669642429416207,-0.0360902499316689,0.17001873581491,-0.00755734102078591,-0.382895566974735,0.367780884933163
MOG,-1.25,0.0663276396626697,-0.0376323006839542,0.170287580009294,-0.00755734102078591,-0.382895566974735,0.367780884933163
MOG,-1,0.0657251266878418,-0.0388135183753721,0.170263771751056,-0.00755734102078591,-0.382895566974735,0.367780884933163
MOG,-0.75,0.0651579666209934,-0.0396038882035766,0.169919821445563,-0.00755734102078591,-0.382895566974735,0.367780884933163
MOG,-0.5,0.0646274220659809,-0.039980766893601,0.169235611025563,-0.00755734102078591,-0.382895566974735,0.367780884933163
MOG,-0.25,0.0641347556266605,-0.0399294168113762,0.168198928064697,-0.00755734102078591,-0.382895566974735,0.367780884933163
MOG,0,0.063681229906889,-0.0394439871728742,0.166806446986652,-0.00755734102078591,-0.382895566974735,0.367780884933163
MOG,0.25,0.0632674845619762,-0.0385382368144492,0.165073205938402,-0.00755734102078591,-0.382895566974735,0.367780884933163
MOG,0.5,0.0628916674530461,-0.0372726798336,0.163056014739692,-0.00755734102078591,-0.382895566974735,0.367780884933163
MOG,0.75,0.0625513034926766,-0.0357235452226076,0.160826152207961,-0.00755734102078591,-0.382895566974735,0.367780884933163
MOG,1,0.0622439175934454,-0.0339722267204064,0.158460061907297,-0.00755734102078591,-0.382895566974735,0.367780884933163
MOG,1.25,0.0619670346679302,-0.0321042212762279,0.156038290612088,-0.00755734102078591,-0.382895566974735,0.367780884933163
MOG,1.5,0.0617181796287087,-0.0302077079042126,0.15364406716163,-0.00755734102078591,-0.382895566974735,0.367780884933163
MOG,1.75,0.0614948773883586,-0.0283715632709467,0.151361318047664,-0.00755734102078591,-0.382895566974735,0.367780884933163
MOG,2,0.0612946528594577,-0.026682648407122,0.149271954126037,-0.00755734102078591,-0.382895566974735,0.367780884933163
MOG,2.25,0.0611150309545836,-0.0252223005095707,0.147452362418738,-0.00755734102078591,-0.382895566974735,0.367780884933163
MOG,2.5,0.0609535365863142,-0.0240621434855357,0.145969216658164,-0.00755734102078591,-0.382895566974735,0.367780884933163
MOG,2.75,0.0608076946672272,-0.0232595777916613,0.144874967126116,-0.00755734102078591,-0.382895566974735,0.367780884933163
MOG,3,0.0606750301099001,-0.0228535595120252,0.144203619731825,-0.00755734102078591,-0.382895566974735,0.367780884933163
MOG,3.25,0.0605530678269108,-0.0228614189264343,0.143967554580256,-0.00755734102078591,-0.382895566974735,0.367780884933163
MOG,3.5,0.060439332730837,-0.0232773916168125,0.144156057078486,-0.00755734102078591,-0.382895566974735,0.367780884933163
MOG,3.75,0.0603313497342563,-0.0240732139062088,0.144735913374721,-0.00755734102078591,-0.382895566974735,0.367780884933163
MOG,4,0.0602266437497466,-0.0252006705661562,0.14565395806565,-0.00755734102078591,-0.382895566974735,0.367780884933163
MOG,4.25,0.0601227396898856,-0.0265955631983316,0.146841042578103,-0.00755734102078591,-0.382895566974735,0.367780884933163
MOG,4.5,0.0600171624672509,-0.0281823535466065,0.148216678481108,-0.00755734102078591,-0.382895566974735,0.367780884933163
MOG,4.75,0.0599074369944203,-0.0298787718971975,0.149693645886038,-0.00755734102078591,-0.382895566974735,0.367780884933163
MOG,5,0.0597910881839715,-0.0315998936775648,0.151182070045508,-0.00755734102078591,-0.382895566974735,0.367780884933163
MOG,5.25,0.0596656409484822,-0.0332614567240391,0.152592738621004,-0.00755734102078591,-0.382895566974735,0.367780884933163
MOG,5.5,0.0595286202005302,-0.0347824220135869,0.153839662414647,-0.00755734102078591,-0.382895566974735,0.367780884933163
MOG,5.75,0.0593775508526931,-0.0360869319679033,0.15484203367329,-0.00755734102078591,-0.382895566974735,0.367780884933163
MOG,6,0.0592099578175488,-0.0371058986414147,0.155525814276512,-0.00755734102078591,-0.382895566974735,0.367780884933163
MOG,6.25,0.0590233660076748,-0.0377784871016468,0.155825219116996,-0.00755734102078591,-0.382895566974735,0.367780884933163
MOG,6.5,0.058815300335649,-0.0380537782937164,0.155684378965014,-0.00755734102078591,-0.382895566974735,0.367780884933163
MOG,6.75,0.058583285714049,-0.0378929269881139,0.155059498416212,-0.00755734102078591,-0.382895566974735,0.367780884933163
MOG,7,0.0583248470554525,-0.037272194831736,0.153921888942641,-0.00755734102078591,-0.382895566974735,0.367780884933163
MOG,7.25,0.0580381626130447,-0.0361989326813581,0.152275257907447,-0.00755734102078591,-0.382895566974735,0.367780884933163
MOG,7.5,0.057724024002439,-0.0347500358936829,0.150198083898561,-0.00755734102078591,-0.382895566974735,0.367780884933163
MOG,7.75,0.0573838761798564,-0.0330374312925138,0.147805183652227,-0.00755734102078591,-0.382895566974735,0.367780884933163
MOG,8,0.057019164101518,-0.0311977917634804,0.145236119966516,-0.00755734102078591,-0.382895566974735,0.367780884933163
MOG,8.25,0.0566313327236446,-0.029393946733691,0.14265661218098,-0.00755734102078591,-0.382895566974735,0.367780884933163
MOG,8.5,0.0562218270024571,-0.0278146989580932,0.140258352963007,-0.00755734102078591,-0.382895566974735,0.367780884933163
MOG,8.75,0.0557920918941766,-0.0266709748948795,0.138255158683233,-0.00755734102078591,-0.382895566974735,0.367780884933163
MOG,9,0.0553435723550239,-0.0261859119430128,0.136873056653061,-0.00755734102078591,-0.382895566974735,0.367780884933163
MOG,9.25,0.05487771334122,-0.0265773443626967,0.136332771045137,-0.00755734102078591,-0.382895566974735,0.367780884933163
MOG,9.5,0.0543959598089858,-0.0280339960751541,0.136825915693126,-0.00755734102078591,-0.382895566974735,0.367780884933163
MOG,9.75,0.0538997567145422,-0.0306909656996556,0.13849047912874,-0.00755734102078591,-0.382895566974735,0.367780884933163
MOG,10,0.0533905490141102,-0.0346129083931597,0.14139400642138,-0.00755734102078591,-0.382895566974735,0.367780884933163
MOG,10.25,0.0528697816639108,-0.039791342797282,0.145530906125104,-0.00755734102078591,-0.382895566974735,0.367780884933163
MOG,10.5,0.0523388996201647,-0.046156115128552,0.150833914368881,-0.00755734102078591,-0.382895566974735,0.367780884933163
MOG,10.75,0.0517993478390931,-0.0535950101448147,0.157193705823001,-0.00755734102078591,-0.382895566974735,0.367780884933163
MOG,11,0.0512525712769167,-0.061973969470418,0.164479112024252,-0.00755734102078591,-0.382895566974735,0.367780884933163
MOG,11.25,0.0507000148898566,-0.071152947236155,0.172552977015868,-0.00755734102078591,-0.382895566974735,0.367780884933163
MOG,11.5,0.0501431236341338,-0.0809959693601514,0.181282216628419,-0.00755734102078591,-0.382895566974735,0.367780884933163
MOG,11.75,0.0495833424659691,-0.0913762488641814,0.19054293379612,-0.00755734102078591,-0.382895566974735,0.367780884933163
MOG,12,0.0490221163415834,-0.102177954978985,0.200222187662152,-0.00755734102078591,-0.382895566974735,0.367780884933163
GFAP,-8,-0.00720954128203936,-0.221722380925013,0.207303298360934,0.00678631753783877,-0.494802729276765,0.508375364352442
GFAP,-7.75,-0.00673796198224889,-0.210374098649478,0.19689817468498,0.00678631753783877,-0.494802729276765,0.508375364352442
GFAP,-7.5,-0.00626007647766062,-0.199369535507854,0.186849382552533,0.00678631753783877,-0.494802729276765,0.508375364352442
GFAP,-7.25,-0.00576957856347608,-0.188772779505631,0.177233622378679,0.00678631753783877,-0.494802729276765,0.508375364352442
GFAP,-7,-0.00526016203489758,-0.178652870595349,0.168132546525554,0.00678631753783877,-0.494802729276765,0.508375364352442
GFAP,-6.75,-0.00472552068712699,-0.169083350107772,0.159632308733518,0.00678631753783877,-0.494802729276765,0.508375364352442
GFAP,-6.5,-0.00415934831536639,-0.160141097821037,0.151822401190304,0.00678631753783877,-0.494802729276765,0.508375364352442
GFAP,-6.25,-0.00355533871481765,-0.15190415415571,0.144793476726075,0.00678631753783877,-0.494802729276765,0.508375364352442
GFAP,-6,-0.00290718568068286,-0.144448236389355,0.138633865027989,0.00678631753783877,-0.494802729276765,0.508375364352442
GFAP,-5.75,-0.00220858300816399,-0.137841785799168,0.13342461978284,0.00678631753783877,-0.494802729276765,0.508375364352442
GFAP,-5.5,-0.00145322449246303,-0.132139682059676,0.12923323307475,0.00678631753783877,-0.494802729276765,0.508375364352442
GFAP,-5.25,-0.000634803928781827,-0.127376233239378,0.126106625381815,0.00678631753783877,-0.494802729276765,0.508375364352442
GFAP,-5,0.000252984887677629,-0.123558578663828,0.124064548439184,0.00678631753783877,-0.494802729276765,0.508375364352442
GFAP,-4.75,0.00121644816171303,-0.120661977985115,0.123094874308541,0.00678631753783877,-0.494802729276765,0.508375364352442
GFAP,-4.5,0.00226189209812274,-0.118628322876591,0.123152107072836,0.00678631753783877,-0.494802729276765,0.508375364352442
GFAP,-4.25,0.00339562290170455,-0.117368500599831,0.12415974640324,0.00678631753783877,-0.494802729276765,0.508375364352442
GFAP,-4,0.00462394677725671,-0.116768201183708,0.126016094738222,0.00678631753783877,-0.494802729276765,0.508375364352442
GFAP,-3.75,0.00595316992957703,-0.11669586869805,0.128602208557204,0.00678631753783877,-0.494802729276765,0.508375364352442
GFAP,-3.5,0.00738959856346363,-0.117011145376479,0.131790342503406,0.00678631753783877,-0.494802729276765,0.508375364352442
GFAP,-3.25,0.00893953888371442,-0.117572401887985,0.135451479655414,0.00678631753783877,-0.494802729276765,0.508375364352442
GFAP,-3,0.0106092970951274,-0.118242538537703,0.139461132727958,0.00678631753783877,-0.494802729276765,0.508375364352442
GFAP,-2.75,0.0124051794025008,-0.118892854874571,0.143703213679573,0.00678631753783877,-0.494802729276765,0.508375364352442
GFAP,-2.5,0.0143334920106325,-0.119405212434099,0.148072196455364,0.00678631753783877,-0.494802729276765,0.508375364352442
GFAP,-2.25,0.0164005411243205,-0.119672913107282,0.152473995355923,0.00678631753783877,-0.494802729276765,0.508375364352442
GFAP,-2,0.0186126329483628,-0.119600740631791,0.156826006528516,0.00678631753783877,-0.494802729276765,0.508375364352442
GFAP,-1.75,0.0209760736875573,-0.119104546615757,0.161056693990872,0.00678631753783877,-0.494802729276765,0.508375364352442
GFAP,-1.5,0.0234971695467023,-0.118110669105691,0.165105008199095,0.00678631753783877,-0.494802729276765,0.508375364352442
GFAP,-1.25,0.0261822267305957,-0.11655538692931,0.168919840390502,0.00678631753783877,-0.494802729276765,0.508375364352442
GFAP,-1,0.0290375514440354,-0.114384551283832,0.172459654171903,0.00678631753783877,-0.494802729276765,0.508375364352442
GFAP,-0.75,0.0320694498918196,-0.111553499720197,0.175692399503837,0.00678631753783877,-0.494802729276765,0.508375364352442
GFAP,-0.5,0.035284228278746,-0.10802734445351,0.178595801011002,0.00678631753783877,-0.494802729276765,0.508375364352442
GFAP,-0.25,0.038688192809613,-0.103781733755406,0.181158119374632,0.00678631753783877,-0.494802729276765,0.508375364352442
GFAP,0,0.0422876496892184,-0.0988042099344346,0.183379509312871,0.00678631753783877,-0.494802729276765,0.508375364352442
GFAP,0.25,0.0460853728873812,-0.0931115412492574,0.18528228702402,0.00678631753783877,-0.494802729276765,0.508375364352442
GFAP,0.5,0.0500700074340048,-0.0867948976819623,0.186934912549972,0.00678631753783877,-0.494802729276765,0.508375364352442
GFAP,0.75,0.0542266661240134,-0.0799695417478576,0.188422873995884,0.00678631753783877,-0.494802729276765,0.508375364352442
GFAP,1,0.0585404617523313,-0.0727578141057108,0.189838737610373,0.00678631753783877,-0.494802729276765,0.508375364352442
GFAP,1.25,0.0629965071138827,-0.0652877498339768,0.191280764061742,0.00678631753783877,-0.494802729276765,0.508375364352442
GFAP,1.5,0.0675799150035918,-0.0576912050687024,0.192851035075886,0.00678631753783877,-0.494802729276765,0.508375364352442
GFAP,1.75,0.0722757982163831,-0.0501012116965818,0.194652808129348,0.00678631753783877,-0.494802729276765,0.508375364352442
GFAP,2,0.0770692695471807,-0.0426483238818761,0.196786862976237,0.00678631753783877,-0.494802729276765,0.508375364352442
GFAP,2.25,0.0819454417909089,-0.0354558508296086,0.199346734411426,0.00678631753783877,-0.494802729276765,0.508375364352442
GFAP,2.5,0.0868894277424921,-0.0286341137674235,0.202412969252408,0.00678631753783877,-0.494802729276765,0.508375364352442
GFAP,2.75,0.0918863401968544,-0.0222742078966815,0.20604688829039,0.00678631753783877,-0.494802729276765,0.508375364352442
GFAP,3,0.0969212919489201,-0.0164421055569266,0.210284689454767,0.00678631753783877,-0.494802729276765,0.508375364352442
GFAP,3.25,0.101979395793614,-0.0111741491391387,0.215132940726366,0.00678631753783877,-0.494802729276765,0.508375364352442
GFAP,3.5,0.107045764525859,-0.00647489341696962,0.220566422468688,0.00678631753783877,-0.494802729276765,0.508375364352442
GFAP,3.75,0.112105510940581,-0.00231781965217916,0.226528841533341,0.00678631753783877,-0.494802729276765,0.508375364352442
GFAP,4,0.117143747832703,0.00135120675596528,0.232936288909441,0.00678631753783877,-0.494802729276765,0.508375364352442
GFAP,4.25,0.12214558799715,0.00460846337694668,0.239682712617353,0.00678631753783877,-0.494802729276765,0.508375364352442
GFAP,4.5,0.127096144228846,0.00754592601517186,0.24664636244252,0.00678631753783877,-0.494802729276765,0.508375364352442
GFAP,4.75,0.131980529322716,0.0102648548530483,0.253696203792383,0.00678631753783877,-0.494802729276765,0.508375364352442
GFAP,5,0.136783856073683,0.0128701176628633,0.260697594484502,0.00678631753783877,-0.494802729276765,0.508375364352442
GFAP,5.25,0.141491237276672,0.0154655758042309,0.267516898749112,0.00678631753783877,-0.494802729276765,0.508375364352442
GFAP,5.5,0.146087785726607,0.0181505320859905,0.274025039367223,0.00678631753783877,-0.494802729276765,0.508375364352442
GFAP,5.75,0.150558614218412,0.0210170252421774,0.280100203194647,0.00678631753783877,-0.494802729276765,0.508375364352442
GFAP,6,0.154888835547012,0.0241476459962861,0.285630025097739,0.00678631753783877,-0.494802729276765,0.508375364352442
GFAP,6.25,0.159063562507332,0.0276135049376612,0.290513620077002,0.00678631753783877,-0.494802729276765,0.508375364352442
GFAP,6.5,0.163067907894294,0.0314719586028969,0.294663857185691,0.00678631753783877,-0.494802729276765,0.508375364352442
GFAP,6.75,0.166886984502824,0.035763660502818,0.29801030850283,0.00678631753783877,-0.494802729276765,0.508375364352442
GFAP,7,0.170505905127846,0.0405084202008309,0.30050339005486,0.00678631753783877,-0.494802729276765,0.508375364352442
GFAP,7.25,0.173914055791701,0.0456869975001981,0.302141114083204,0.00678631753783877,-0.494802729276765,0.508375364352442
GFAP,7.5,0.177117915426401,0.0511995323761529,0.30303629847665,0.00678631753783877,-0.494802729276765,0.508375364352442
GFAP,7.75,0.180128236191377,0.0569021274335295,0.303354344949224,0.00678631753783877,-0.494802729276765,0.508375364352442
GFAP,8,0.182955770246055,0.0626175535400594,0.303293986952051,0.00678631753783877,-0.494802729276765,0.508375364352442
GFAP,8.25,0.185611269749867,0.0681336778336761,0.303088861666057,0.00678631753783877,-0.494802729276765,0.508375364352442
GFAP,8.5,0.18810548686224,0.0732041598482098,0.303006813876271,0.00678631753783877,-0.494802729276765,0.508375364352442
GFAP,8.75,0.190449173742605,0.0775541519752596,0.30334419550995,0.00678631753783877,-0.494802729276765,0.508375364352442
GFAP,9,0.19265308255039,0.0808940545342427,0.304412110566538,0.00678631753783877,-0.494802729276765,0.508375364352442
GFAP,9.25,0.194727965445025,0.0829430995290876,0.306512831360962,0.00678631753783877,-0.494802729276765,0.508375364352442
GFAP,9.5,0.196684574585939,0.083460739111798,0.309908410060079,0.00678631753783877,-0.494802729276765,0.508375364352442
GFAP,9.75,0.19853366213256,0.0822783849614061,0.314788939303715,0.00678631753783877,-0.494802729276765,0.508375364352442
GFAP,10,0.200285980244319,0.0793207276312938,0.321251232857345,0.00678631753783877,-0.494802729276765,0.508375364352442
GFAP,10.25,0.201952281080645,0.074608684507136,0.329295877654153,0.00678631753783877,-0.494802729276765,0.508375364352442
GFAP,10.5,0.203543316800966,0.0682442185051866,0.338842415096745,0.00678631753783877,-0.494802729276765,0.508375364352442
GFAP,10.75,0.205069839564711,0.0603847988845316,0.349754880244891,0.00678631753783877,-0.494802729276765,0.508375364352442
GFAP,11,0.206542601531311,0.0512171001890401,0.361868102873582,0.00678631753783877,-0.494802729276765,0.508375364352442
GFAP,11.25,0.207972354860194,0.040936272523349,0.37500843719704,0.00678631753783877,-0.494802729276765,0.508375364352442
GFAP,11.5,0.20936985171079,0.0297326555480038,0.389007047873576,0.00678631753783877,-0.494802729276765,0.508375364352442
GFAP,11.75,0.210745844242527,0.017784897284657,0.403706791200397,0.00678631753783877,-0.494802729276765,0.508375364352442
GFAP,12,0.212111084614835,0.00525745772205749,0.418964711507612,0.00678631753783877,-0.494802729276765,0.508375364352442
ERBB2,-8,-0.150069678502726,-0.255176631689377,-0.0449627253160755,0.000822341426890574,-0.285257444872381,0.286902127726162
ERBB2,-7.75,-0.150410412921389,-0.250174826944213,-0.0506459988985651,0.000822341426890574,-0.285257444872381,0.286902127726162
ERBB2,-7.5,-0.150745847945258,-0.245334566607625,-0.0561571292828917,0.000822341426890574,-0.285257444872381,0.286902127726162
ERBB2,-7.25,-0.151070684179541,-0.240684449497066,-0.0614569188620168,0.000822341426890574,-0.285257444872381,0.286902127726162
ERBB2,-7,-0.151379622229444,-0.23625551722604,-0.0665037272328482,0.000822341426890574,-0.285257444872381,0.286902127726162
ERBB2,-6.75,-0.151667362700174,-0.23208108180853,-0.0712536435918173,0.000822341426890574,-0.285257444872381,0.286902127726162
ERBB2,-6.5,-0.151928606196937,-0.228196225728745,-0.0756609866651282,0.000822341426890574,-0.285257444872381,0.286902127726162
ERBB2,-6.25,-0.15215805332494,-0.224636826885023,-0.0796792797648564,0.000822341426890574,-0.285257444872381,0.286902127726162
ERBB2,-6,-0.15235040468939,-0.221437959395144,-0.0832628499836347,0.000822341426890574,-0.285257444872381,0.286902127726162
ERBB2,-5.75,-0.152500360895493,-0.2186315727407,-0.0863691490502862,0.000822341426890574,-0.285257444872381,0.286902127726162
ERBB2,-5.5,-0.152602622548456,-0.216243485390013,-0.0889617597068998,0.000822341426890574,-0.285257444872381,0.286902127726162
ERBB2,-5.25,-0.152651890253487,-0.214289952369102,-0.0910138281378718,0.000822341426890574,-0.285257444872381,0.286902127726162
ERBB2,-5,-0.152642864615791,-0.212774332609468,-0.0925113966221133,0.000822341426890574,-0.285257444872381,0.286902127726162
ERBB2,-4.75,-0.152570246240575,-0.211684575067261,-0.0934559174138887,0.000822341426890574,-0.285257444872381,0.286902127726162
ERBB2,-4.5,-0.152428735733046,-0.210992217799659,-0.0938652536664319,0.000822341426890574,-0.285257444872381,0.286902127726162
ERBB2,-4.25,-0.15221303369841,-0.210653280950193,-0.0937727864466273,0.000822341426890574,-0.285257444872381,0.286902127726162
ERBB2,-4,-0.151917840741875,-0.210610927264885,-0.0932247542188652,0.000822341426890574,-0.285257444872381,0.286902127726162
ERBB2,-3.75,-0.151537857468647,-0.210799293085289,-0.0922764218520048,0.000822341426890574,-0.285257444872381,0.286902127726162
ERBB2,-3.5,-0.151067784483932,-0.211147673089348,-0.0909878958785161,0.000822341426890574,-0.285257444872381,0.286902127726162
ERBB2,-3.25,-0.150502322392938,-0.211584328446822,-0.089420316339054,0.000822341426890574,-0.285257444872381,0.286902127726162
ERBB2,-3,-0.149836171800871,-0.212039470432241,-0.0876328731695007,0.000822341426890574,-0.285257444872381,0.286902127726162
ERBB2,-2.75,-0.149064033312937,-0.212447284011473,-0.0856807826144015,0.000822341426890574,-0.285257444872381,0.286902127726162
ERBB2,-2.5,-0.148180607534344,-0.212747083774618,-0.0836141312940699,0.000822341426890574,-0.285257444872381,0.286902127726162
ERBB2,-2.25,-0.147180595070298,-0.212883806422607,-0.0814773837179886,0.000822341426890574,-0.285257444872381,0.286902127726162
ERBB2,-2,-0.146058696526005,-0.21280806444633,-0.0793093286056807,0.000822341426890574,-0.285257444872381,0.286902127726162
ERBB2,-1.75,-0.144809612506673,-0.212475955833389,-0.0771432691799571,0.000822341426890574,-0.285257444872381,0.286902127726162
ERBB2,-1.5,-0.143428043617508,-0.211848778261618,-0.0750073089733982,0.000822341426890574,-0.285257444872381,0.286902127726162
ERBB2,-1.25,-0.141908690463717,-0.210892752865144,-0.0729246280622906,0.000822341426890574,-0.285257444872381,0.286902127726162
ERBB2,-1,-0.140246253650507,-0.209578830460055,-0.0709136768409582,0.000822341426890574,-0.285257444872381,0.286902127726162
ERBB2,-0.75,-0.138435433783083,-0.207882633726767,-0.0689882338393993,0.000822341426890574,-0.285257444872381,0.286902127726162
ERBB2,-0.5,-0.136470931466653,-0.205784581196256,-0.0671572817370507,0.000822341426890574,-0.285257444872381,0.286902127726162
ERBB2,-0.25,-0.134347447306424,-0.203270241406074,-0.0654246532067745,0.000822341426890574,-0.285257444872381,0.286902127726162
ERBB2,0,-0.132059681907602,-0.200330977132941,-0.0637883866822634,0.000822341426890574,-0.285257444872381,0.286902127726162
ERBB2,0.25,-0.12960558159445,-0.196973869418467,-0.062237293770433,0.000822341426890574,-0.285257444872381,0.286902127726162
ERBB2,0.5,-0.12699607556745,-0.193248223828018,-0.0607439273068822,0.000822341426890574,-0.285257444872381,0.286902127726162
ERBB2,0.75,-0.124245338746142,-0.189216587649596,-0.0592740898426876,0.000822341426890574,-0.285257444872381,0.286902127726162
ERBB2,1,-0.121367546050065,-0.18494496380811,-0.0577901282920195,0.000822341426890574,-0.285257444872381,0.286902127726162
ERBB2,1.25,-0.118376872398757,-0.180502140266834,-0.0562516045306805,0.000822341426890574,-0.285257444872381,0.286902127726162
ERBB2,1.5,-0.115287492711758,-0.175958788349928,-0.0546161970735887,0.000822341426890574,-0.285257444872381,0.286902127726162
ERBB2,1.75,-0.112113581908607,-0.171386193270434,-0.0528409705467798,0.000822341426890574,-0.285257444872381,0.286902127726162
ERBB2,2,-0.108869314908842,-0.166854501709037,-0.0508841281086474,0.000822341426890574,-0.285257444872381,0.286902127726162
ERBB2,2.25,-0.105568866632003,-0.162430432982442,-0.0487073002815647,0.000822341426890574,-0.285257444872381,0.286902127726162
ERBB2,2.5,-0.102226411997628,-0.158174516153251,-0.0462783078420053,0.000822341426890574,-0.285257444872381,0.286902127726162
ERBB2,2.75,-0.098856125925257,-0.154138079533639,-0.0435741723168749,0.000822341426890574,-0.285257444872381,0.286902127726162
ERBB2,3,-0.095472183334428,-0.150360390947602,-0.0405839757212542,0.000822341426890574,-0.285257444872381,0.286902127726162
ERBB2,3.25,-0.0920887591446804,-0.146866452565984,-0.0373110657233766,0.000822341426890574,-0.285257444872381,0.286902127726162
ERBB2,3.5,-0.088720028275553,-0.143665916480874,-0.0337741400702322,0.000822341426890574,-0.285257444872381,0.286902127726162
ERBB2,3.75,-0.0853801656465848,-0.140753381366773,-0.0300069499263963,0.000822341426890574,-0.285257444872381,0.286902127726162
ERBB2,4,-0.0820833461773148,-0.138110018867837,-0.0260566734867921,0.000822341426890574,-0.285257444872381,0.286902127726162
ERBB2,4.25,-0.0788437447872819,-0.135706186612212,-0.0219813029623518,0.000822341426890574,-0.285257444872381,0.286902127726162
ERBB2,4.5,-0.075675536396025,-0.133504527393131,-0.017846545398919,0.000822341426890574,-0.285257444872381,0.286902127726162
ERBB2,4.75,-0.0725928959230833,-0.131463068170124,-0.0137227236760426,0.000822341426890574,-0.285257444872381,0.286902127726162
ERBB2,5,-0.0696099982879954,-0.129537972276742,-0.00968202429924843,0.000822341426890574,-0.285257444872381,0.286902127726162
ERBB2,5.25,-0.0667410184103005,-0.127685781201652,-0.00579625561894898,0.000822341426890574,-0.285257444872381,0.286902127726162
ERBB2,5.5,-0.0640001312095375,-0.125865141161505,-0.00213512125757041,0.000822341426890574,-0.285257444872381,0.286902127726162
ERBB2,5.75,-0.0614015116052453,-0.124038114915442,0.00123509170495122,0.000822341426890574,-0.285257444872381,0.286902127726162
ERBB2,6,-0.0589593345169628,-0.122171233729236,0.00425256469531065,0.000822341426890574,-0.285257444872381,0.286902127726162
ERBB2,6.25,-0.0566877748642291,-0.12023646682265,0.00686091709419173,0.000822341426890574,-0.285257444872381,0.286902127726162
ERBB2,6.5,-0.0546010075665832,-0.118212297381971,0.00901028224880495,0.000822341426890574,-0.285257444872381,0.286902127726162
ERBB2,6.75,-0.0527132075435638,-0.116085113323279,0.0106586982361514,0.000822341426890574,-0.285257444872381,0.286902127726162
ERBB2,7,-0.05103854971471,-0.113851161552528,0.0117740621231076,0.000822341426890574,-0.285257444872381,0.286902127726162
ERBB2,7.25,-0.04958695220369,-0.111523164694951,0.0123492602875705,0.000822341426890574,-0.285257444872381,0.286902127726162
ERBB2,7.5,-0.0483513059506894,-0.109144059789215,0.0124414478878359,0.000822341426890574,-0.285257444872381,0.286902127726162
ERBB2,7.75,-0.0473202451000229,-0.106775814263736,0.0121353240636907,0.000822341426890574,-0.285257444872381,0.286902127726162
ERBB2,8,-0.0464824037960052,-0.104496469751797,0.0115316621597868,0.000822341426890574,-0.285257444872381,0.286902127726162
ERBB2,8.25,-0.0458264161829511,-0.102401067282042,0.0107482349161398,0.000822341426890574,-0.285257444872381,0.286902127726162
ERBB2,8.5,-0.0453409164051754,-0.100601593750061,0.00991976093971043,0.000822341426890574,-0.285257444872381,0.286902127726162
ERBB2,8.75,-0.045014538606993,-0.0992246277866422,0.00919555057265621,0.000822341426890574,-0.285257444872381,0.286902127726162
ERBB2,9,-0.0448359169327185,-0.098405133161144,0.00873329929570714,0.000822341426890574,-0.285257444872381,0.286902127726162
ERBB2,9.25,-0.0447936855266666,-0.0982753471745171,0.00868797612118379,0.000822341426890574,-0.285257444872381,0.286902127726162
ERBB2,9.5,-0.0448764785331523,-0.0989494763541639,0.00919651928785921,0.000822341426890574,-0.285257444872381,0.286902127726162
ERBB2,9.75,-0.0450729300964903,-0.100507656644776,0.0103617964517952,0.000822341426890574,-0.285257444872381,0.286902127726162
ERBB2,10,-0.0453716743609953,-0.102984577828156,0.0122412291061653,0.000822341426890574,-0.285257444872381,0.286902127726162
ERBB2,10.25,-0.0457613454709821,-0.106367109573642,0.0148444186316782,0.000822341426890574,-0.285257444872381,0.286902127726162
ERBB2,10.5,-0.0462305775707655,-0.11060124239675,0.0181400872552193,0.000822341426890574,-0.285257444872381,0.286902127726162
ERBB2,10.75,-0.0467680048046603,-0.115604635632421,0.0220686260231006,0.000822341426890574,-0.285257444872381,0.286902127726162
ERBB2,11,-0.0473622613169812,-0.121279859550994,0.0265553369170318,0.000822341426890574,-0.285257444872381,0.286902127726162
ERBB2,11.25,-0.048001981252043,-0.127524956903484,0.031520994399398,0.000822341426890574,-0.285257444872381,0.286902127726162
ERBB2,11.5,-0.0486757987541605,-0.134240250753523,0.0368886532452025,0.000822341426890574,-0.285257444872381,0.286902127726162
ERBB2,11.75,-0.0493723479676484,-0.141331878476668,0.0425871825413711,0.000822341426890574,-0.285257444872381,0.286902127726162
ERBB2,12,-0.0500802630368216,-0.148713075512039,0.048552549438396,0.000822341426890574,-0.285257444872381,0.286902127726162
