icd10,chapter,OR,OR_lo,OR_hi,beta,se,pval,n_ms_with,n_hc_with,pct_ms,pct_hc,n_timing_ms,pct_pre_onset,fdr
R29,R,11.5367486237833,9.17308602336332,14.5094648049061,2.44553747300909,0.116971279917299,4.60843907461434e-97,110,1497,22.0440881763527,3.13173364573963,110,4.54545454545455,2.13370729154644e-94
R26,R,11.8659411047263,9.30749502455448,15.1276533513455,2.47367220446043,0.123904189928,1.12380112476871e-88,93,1156,18.6372745490982,2.4183594485471,93,5.37634408602151,2.60159960383955e-86
Z99,Z,14.6882401072204,11.2289930402781,19.2131562174354,2.68704718091367,0.137014328123653,1.2350515539774e-85,71,647,14.2284569138277,1.35352816886676,71,0,1.90609623163845e-83
H46,H,105.063570771282,65.8665597158135,167.586616802791,4.65456560287211,0.238232005089564,5.22359448029976e-85,39,37,7.81563126252505,0.0774042384050543,39,30.7692307692308,6.04631061094697e-83
N39,N,4.33924127553506,3.59182556230838,5.24218521213659,1.467699511524,0.0964484311709213,2.70871148872024e-52,181,5612,36.2725450901804,11.7403401602477,181,13.2596685082873,2.50826683855494e-50
N31,N,10.4235145409434,7.59612527505778,14.3032995706396,2.34406426745482,0.161441827755313,9.10933767493085e-48,47,500,9.4188376753507,1.04600322168992,47,8.51063829787234,7.02937223915497e-46
R32,R,8.66052192868567,6.37137930193537,11.7721197440658,2.15877498965959,0.156611741121881,3.17055653437468e-43,50,667,10.0200400801603,1.39536829773436,50,6,2.09709667916497e-41
L89,L,9.51863900808229,6.69737863784837,13.5283509363141,2.25325187724743,0.179354936474667,3.36921075672436e-36,38,549,7.61523046092184,1.14851153741554,38,0,1.94993072545422e-34
Z51,Z,3.76833128246331,3.05922387647357,4.64180498968929,1.32663227282372,0.106362767433481,1.05182932058175e-35,126,4382,25.250501002004,9.16717223489048,126,6.34920634920635,5.41107750477057e-34
H53,H,5.44181338583411,4.16810089123381,7.10475434712364,1.69411234830563,0.136046856121116,1.35671217957734e-35,66,1398,13.2264529058116,2.92462500784502,66,13.6363636363636,6.28157739144308e-34
Z50,Z,4.15094766254696,3.31361173486788,5.19987490263131,1.42333666059512,0.114947911998266,3.25263655122319e-35,102,3244,20.4408817635271,6.78646890232422,102,3.92156862745098,1.36906429383304e-33
G82,G,32.6445526842004,18.7715741061022,56.7702428111828,3.48567800211557,0.282313414368226,5.06638051238157e-35,17,65,3.40681362725451,0.13598041881969,17,5.88235294117647,1.95477848102722e-33
K59,K,3.73390212017165,3.01024784781335,4.63152064144814,1.31745383164571,0.10991398714723,4.19592955007825e-33,113,3746,22.6452905811623,7.8366561369009,113,7.9646017699115,1.49439644745095e-31
T83,T,11.1885686043063,7.52249084326759,16.6413053895977,2.4148925967428,0.202548614524182,9.03197760003293e-33,29,334,5.81162324649299,0.698730152088869,29,6.89655172413793,2.98700402058232e-31
R20,R,7.28875860923308,5.21338963127097,10.1902995596203,1.98633324472082,0.170970918108638,3.34017701054537e-31,40,566,8.01603206412826,1.18407564695299,40,17.5,1.03100130392167e-29
F05,F,8.55808607884342,5.92899001186559,12.3530040000604,2.14687657623376,0.187256477619251,1.97990759823106e-30,35,594,7.01402805611223,1.24265182736763,35,0,5.72935761238113e-29
G50,G,9.18267403633015,6.26620740465445,13.4565450857658,2.21731845157647,0.194973040604886,5.73638457985151e-30,31,335,6.2124248496994,0.700822158532248,31,9.67741935483871,1.56232121204191e-28
B96,B,4.40697665512493,3.38591885088128,5.73594468566816,1.4831888886198,0.134471209830475,2.74512468192025e-28,68,1868,13.627254509018,3.90786803623355,68,5.88235294117647,7.06107070960598e-27
A41,A,4.69129096701133,3.56259749716361,6.1775743554202,1.54570780407193,0.140417291442234,3.49838653468745e-28,62,1705,12.4248496993988,3.56687098596264,62,4.83870967741936,8.52501560821205e-27
J69,J,10.8922823519016,7.11132583018401,16.6835014548163,2.38805449734567,0.217533569851247,4.88320092141536e-28,25,304,5.01002004008016,0.635969958787473,25,0,1.13046101330765e-26
Z93,Z,6.52120704936354,4.66355290234777,9.11882898535574,1.87505948907455,0.171062196958711,5.86680574146743e-28,40,748,8.01603206412826,1.56482081964812,40,2.5,1.29349098014258e-26
R33,R,4.67163064835762,3.49250183579588,6.2488536701659,1.5415081859705,0.148413187848049,2.85348809167226e-25,58,1981,11.623246492986,4.14426476433547,58,3.44827586206897,6.00529539292844e-24
R53,R,5.2867749531262,3.85656336969379,7.24738237795942,1.66520841026568,0.160934664331756,4.31316316399578e-25,45,962,9.01803607214429,2.01251019853141,45,8.88888888888889,8.68258497795672e-24
G83,G,14.0115295611793,8.4653680191674,23.1913084226561,2.63988053077642,0.257090326911944,9.79151072358303e-25,18,143,3.60721442885772,0.299156921403318,18,11.1111111111111,1.88894561042456e-23
N32,N,3.97388817996334,3.02398242926153,5.22218221708014,1.3797450058282,0.139372631610805,4.17592567965306e-23,63,2105,12.625250501002,4.40367356331458,63,11.1111111111111,7.73381435871747e-22
L97,L,8.00587610242188,5.29501879533148,12.1045938918744,2.08017578486006,0.210923089885367,6.06755684679239e-23,26,425,5.21042084168337,0.889102738436434,26,3.84615384615385,1.08049185387111e-21
R41,R,5.31655145884603,3.79652639622723,7.44515287517735,1.6708248711454,0.171805269754569,2.35654276615483e-22,40,980,8.01603206412826,2.05016631451225,40,2.5,4.04103444714698e-21
Z74,Z,16.4565054072342,9.26871921975826,29.2183379167454,2.80072086452088,0.292895744124751,1.15305596621463e-21,14,105,2.80561122244489,0.219660676554884,14,7.14285714285714,1.90666040127633e-20
E86,E,4.42499094988767,3.17949430824229,6.15838338059879,1.48726823323468,0.168645954925172,1.15611515564311e-18,41,1154,8.21643286573146,2.41417543566034,41,2.4390243902439,1.845797645044e-17
R90,R,15.3669315752684,8.27958240615748,28.5210744280247,2.73221790035738,0.315523146566838,4.74560328190349e-18,12,82,2.40480961923848,0.171544528357147,12,8.33333333333333,7.32404773173772e-17
L24,L,12.3309777077982,6.70806989046339,22.667177550786,2.51211460906892,0.310613952137932,6.08627846318603e-16,12,113,2.40480961923848,0.236396728101923,12,0,9.09015138211333e-15
R54,R,7.05495692531714,4.3549054737493,11.4290465127431,1.95373047973222,0.246136517799674,2.06149362500109e-15,19,370,3.80761523046092,0.774042384050543,19,5.26315789473684,2.98272358867345e-14
G81,G,5.93434140249344,3.81467346321896,9.2318276310945,1.78075605349533,0.225459686371154,2.82654416049278e-15,22,438,4.40881763527054,0.916298822200372,22,4.54545454545455,3.96572711002472e-14
G95,G,8.07527291861286,4.80438836571693,13.5730144497491,2.08880666650821,0.264937205817414,3.16664601201628e-15,16,212,3.2064128256513,0.443505365996527,16,25,4.31222677518687e-14
M79,M,2.12282477998269,1.75699927334577,2.5648189585914,0.752747645157045,0.0965001273106397,6.16704597936275e-15,165,8996,33.0661322645291,18.8196899646451,165,21.2121212121212,8.15812082412844e-14
Z75,Z,6.98278204333766,4.27897371229988,11.3950793678869,1.94344741090902,0.249864396385001,7.36750928437776e-15,18,302,3.60721442885772,0.631785945900713,18,0,9.47543555185251e-14
R15,R,5.14444815176473,3.3686712872541,7.85631619396389,1.63791810440112,0.216020262532437,3.396316211768e-14,24,459,4.80961923847695,0.960230957511349,24,4.16666666666667,4.24998488121239e-13
Y84,Y,4.93416319176112,3.25801948528327,7.47262762328553,1.59618309250165,0.211767143668242,4.79270496243559e-14,25,642,5.01002004008016,1.34306813664986,25,16,5.83953262528337e-13
Z46,Z,4.45006405327708,3.00921069953804,6.58081871146772,1.4929184900694,0.199612587634175,7.48447668007493e-14,29,962,5.81162324649299,2.01251019853141,29,3.44827586206897,8.88541718685818e-13
F32,F,2.16526226124737,1.76399373669999,2.65781026453805,0.77254149095279,0.104571981631676,1.49443372726444e-13,126,5969,25.250501002004,12.4871864605343,126,28.5714285714286,1.72980703930859e-12
N21,N,9.47998912065257,5.19409994403686,17.3023612745202,2.24918316865578,0.306969292546285,2.35252263498954e-13,12,184,2.40480961923848,0.384929185581892,12,0,2.65662921951258e-12
J18,J,2.52423971992308,1.96780960250795,3.2380094880707,0.925939916366749,0.127050443423503,3.14658245043579e-13,78,3960,15.6312625250501,8.28434551578419,78,17.948717948718,3.4687325584566e-12
R56,R,6.28563456950924,3.81238936558784,10.36337009489,1.838266802659,0.255107489800373,5.76820497994447e-13,17,283,3.40681362725451,0.592037823476496,17,17.6470588235294,6.19356041781287e-12
H51,H,29.9760588574789,11.8832897369047,75.6157700873409,3.40039902497621,0.472074405864501,5.88588894997336e-13,6,21,1.20240480961924,0.0439321353109768,6,0,6.19356041781287e-12
L03,L,2.48575479243902,1.93200852690036,3.19821408761942,0.910576352841198,0.128579695689341,1.42288620951882e-12,73,3321,14.6292585170341,6.94755339846447,73,13.6986301369863,1.46399181112714e-11
M62,M,4.68108428118343,3.04831448914499,7.1884151473127,1.54352976710851,0.218847426404766,1.75107358952871e-12,23,531,4.60921843687375,1.1108554214347,23,13.0434782608696,1.76249363467781e-11
R47,R,5.09239007042309,3.21381300895724,8.06905584023317,1.62774728232188,0.234841426970278,4.17104941599231e-12,20,448,4.00801603206413,0.937218886634171,20,5,4.1089274034137e-11
H54,H,5.2877683684893,3.29642250587047,8.48207238877973,1.66539629835424,0.241101279113071,4.93424499134614e-12,19,407,3.80761523046092,0.851446622455597,19,5.26315789473684,4.75949048123596e-11
G51,G,5.22757771478814,3.26266647110058,8.37583890544942,1.65394801874064,0.24051184784127,6.12188389739081e-12,19,375,3.80761523046092,0.784502416267442,19,47.3684210526316,5.78455560100397e-11
Z73,Z,6.84825859421614,3.94730493330913,11.8811813542712,1.92399440013234,0.281102729313007,7.67686717994728e-12,14,225,2.80561122244489,0.470701449760465,14,0,7.10877900863118e-11
R69,R,2.46011930883242,1.89792020656689,3.18885219344272,0.900209848293581,0.132373056013671,1.04219057950771e-11,68,3004,13.627254509018,6.28438735591306,68,19.1176470588235,9.46145565317785e-11
G12,G,6.14041826588005,3.60989098679638,10.4448407494473,1.81489286131772,0.271028207649092,2.13726662752558e-11,15,289,3.0060120240481,0.604589862136775,15,13.3333333333333,1.90298932412374e-10
R51,R,2.85827549286792,2.09356054660986,3.90231789873895,1.05021846844781,0.158853184261154,3.81082534124193e-11,45,1522,9.01803607214429,3.18403380682413,45,22.2222222222222,3.329079496217e-10
E87,E,2.59090453276395,1.94425943565795,3.45261860366137,0.952007055190597,0.146492807908194,8.10381945396638e-11,56,2727,11.2224448897796,5.70490157109684,56,5.35714285714286,6.94827482812303e-10
R27,R,11.0285289432766,5.26900871023405,23.0837444653391,2.40048545567442,0.376858781295469,1.89371834451598e-10,8,79,1.60320641282565,0.165268509027008,8,0,1.59416653365618e-09
R13,R,2.80997402168021,2.0437481768279,3.86346717860954,1.03317523834926,0.162443762631737,2.01487836141496e-10,43,1646,8.61723446893788,3.44344260580323,43,4.65116279069768,1.6658726452413e-09
R60,R,3.70574622263917,2.47108282437864,5.55730262503749,1.30988464808706,0.206749083201783,2.36381170823067e-10,26,838,5.21042084168337,1.75310139955231,26,0,1.92007863317684e-09
Z96,Z,2.14458514817152,1.69097902557632,2.71987138113102,0.762946129559149,0.121244113919303,3.12102180778206e-10,93,5595,18.6372745490982,11.7047760507102,93,8.60215053763441,2.49143637414326e-09
Z86,Z,1.84509108205676,1.52342133652454,2.23468125295654,0.612528643242413,0.0977397747579808,3.68227926332835e-10,173,12453,34.6693386773547,26.0517562394092,173,13.2947976878613,2.88965304901869e-09
R40,R,6.65614526586856,3.67693818834338,12.0492288776563,1.89554052808071,0.30278578380244,3.84150620783386e-10,12,195,2.40480961923848,0.40794125645907,12,0,2.96436229037846e-09
R39,R,3.94638335981768,2.5638527331102,6.07442908928438,1.37279955438119,0.22004512926366,4.41170900122402e-10,23,789,4.60921843687375,1.6505930838267,23,17.3913043478261,3.34855945502741e-09
U82,U,5.69564814662336,3.29302424430308,9.8512508270341,1.73970240019036,0.27953879308549,4.86265548473838e-10,14,280,2.80561122244489,0.585761804146357,14,0,3.63130562811914e-09
M81,M,2.44958735156668,1.84607371962497,3.25040009462593,0.89591958243909,0.144315567532846,5.36429548015889e-10,61,2613,12.2244488977956,5.46641283655154,61,13.1147540983607,3.94233144018026e-09
F03,F,6.70924677456558,3.67131669671413,12.2609940794012,1.90348669051952,0.307620571352058,6.10195772736392e-10,12,263,2.40480961923848,0.5501976946089,12,0,4.41438504338984e-09
Z87,Z,1.96068291705796,1.58393432591337,2.42704349438611,0.673292839626197,0.108867861227941,6.230123889035e-10,113,6778,22.6452905811623,14.1796196732286,113,13.2743362831858,4.43776517018955e-09
R25,R,5.99816944631654,3.39469454483416,10.5983134068644,1.79145433039736,0.290428849745383,6.90249965978141e-10,13,227,2.60521042084168,0.474885462647225,13,0,4.84220809466484e-09
L08,L,2.73840958120818,1.98687166638096,3.77421811450552,1.00737730706214,0.16368159806165,7.53178833920538e-10,42,1597,8.41683366733467,3.34093429007761,42,11.9047619047619,5.20480298664491e-09
U83,U,6.76042421400563,3.63957779707137,12.5573179367369,1.91108564163708,0.315927528842514,1.45633120144161e-09,11,186,2.20440881763527,0.389113198468651,11,0,9.91590215099213e-09
G11,G,20.0603221769928,7.58667706316134,53.0425273798415,2.99874384307246,0.496097016387451,1.49714076907975e-09,5,26,1.00200400801603,0.054392167527876,5,40,1.00460315374481e-08
I95,I,2.63185976442367,1.92154552275263,3.6047471879145,0.967690731049543,0.160490259718988,1.64374471465197e-09,45,2075,9.01803607214429,4.34091337001318,45,11.1111111111111,1.08721971840552e-08
R44,R,7.19890839975911,3.75721619155362,13.7932659463742,1.97392940338331,0.331760762643332,2.68375341309596e-09,10,149,2.00400801603206,0.311708960063597,10,20,1.75010962008934e-08
Z88,Z,1.8839156696896,1.52209304601061,2.33174854835863,0.6333524138411,0.108809195014836,5.85799805003803e-09,114,6425,22.8456913827655,13.4411413987155,114,13.1578947368421,3.76701819051057e-08
G97,G,12.2767576250355,5.19241050457397,29.0267454106525,2.50770785080585,0.43903561719593,1.11751190314181e-08,6,47,1.20240480961924,0.0983243028388527,6,16.6666666666667,7.08778097472134e-08
U07,U,2.93488299143808,2.02768344858454,4.2479698591244,1.07666758585439,0.188660001403255,1.15038636022615e-08,31,1164,6.2124248496994,2.43509550009414,31,0,7.15320601463847e-08
R94,R,2.89284666035611,2.00841018939185,4.16675928280742,1.06224102091007,0.186172225692257,1.15872667623733e-08,32,1228,6.41282565130261,2.56898391247045,32,9.375,7.15320601463847e-08
I67,I,3.16272014068065,2.12155848023434,4.71483524091318,1.15143246133239,0.203715056397843,1.58433277381698e-08,27,1086,5.41082164328657,2.27191899751051,27,7.40740740740741,9.65192202996394e-08
Z53,Z,1.96572785814805,1.55022111834836,2.49260313033033,0.675862588007177,0.121155617475317,2.42647794340902e-08,85,5011,17.0340681362725,10.4830442877764,85,16.4705882352941,1.45903803610179e-07
B95,B,3.17586685869401,2.1082538028008,4.78411578850307,1.15558062144006,0.209041121529486,3.23890558419103e-08,25,892,5.01002004008016,1.86606974749482,25,8,1.92258113523135e-07
G25,G,3.73514099834657,2.33570012894385,5.9730605417391,1.31778556843358,0.239527490391138,3.76349998733946e-08,19,540,3.80761523046092,1.12968347942512,19,15.7894736842105,2.205696828023e-07
G04,G,8.86827757538429,4.05216442894823,19.4084787360115,2.18248059205179,0.399606850401908,4.71943376558626e-08,7,77,1.40280561122245,0.161084496140248,7,0,2.73137229183305e-07
Z11,Z,2.33399393229666,1.71421661852734,3.1778525637428,0.847580934159467,0.157461602090886,7.33447508364314e-08,46,2208,9.21843687374749,4.6191502269827,46,2.17391304347826,4.19242217744046e-07
R63,R,2.38239625617228,1.7330679899658,3.27500822488544,0.868106811494171,0.162353861737393,8.94218480636552e-08,43,1987,8.61723446893788,4.15681680299575,43,6.97674418604651,5.0490628845698e-07
F06,F,8.3226349150403,3.82530275335652,18.1073908119482,2.11897890121463,0.396602696869439,9.15089755860418e-08,7,110,1.40280561122245,0.230120708771783,7,14.2857142857143,5.10465731281173e-07
Z13,Z,2.27621975472406,1.67923309502811,3.0854420313276,0.822516064645346,0.155193299239099,1.15837103410892e-07,47,2156,9.4188376753507,4.51036589192695,47,12.7659574468085,6.38483081895749e-07
Z60,Z,3.39816405481137,2.15021704328458,5.37039689992065,1.22323530189931,0.233503323719367,1.61781315496763e-07,20,648,4.00801603206413,1.35562017531014,20,15,8.81232342058838e-07
J22,J,1.76154618802366,1.41809501501089,2.18817846455574,0.566191939303343,0.110651789328359,3.10630937298592e-07,107,6759,21.4428857715431,14.1398715508044,107,17.7570093457944,1.67235027871219e-06
G93,G,3.07583903557853,1.99104040568765,4.75167944646564,1.12357772113846,0.221898164334053,4.1166376108502e-07,22,687,4.40881763527054,1.43720842660195,22,13.6363636363636,2.19080829175131e-06
R52,R,4.24104972897945,2.41204487048248,7.45695199280389,1.44481081619109,0.287926497183629,5.22162790859388e-07,13,292,2.60521042084168,0.610865881466915,13,15.3846153846154,2.74728832008973e-06
I87,I,4.8095104989048,2.60347358144373,8.88481888348879,1.57059531155956,0.313137125159973,5.28464894596706e-07,11,242,2.20440881763527,0.506265559297923,11,0,2.74920501346376e-06
G55,G,2.8268608829887,1.87890104559401,4.25309383403174,1.03916686737987,0.208408067178597,6.15744842805721e-07,25,920,5.01002004008016,1.92464592790946,25,20,3.16766513576721e-06
D64,D,1.95701898811161,1.50119204841722,2.55125473377473,0.671422391029931,0.135287193664778,6.94335977252515e-07,65,3624,13.0260521042084,7.58143135080856,65,20,3.53272041173532e-06
H55,H,8.20860392930151,3.53748949061312,19.0477395471967,2.10518286385295,0.429472230479298,9.49671240840472e-07,6,73,1.20240480961924,0.152716470366729,6,0,4.77932374466455e-06
N17,N,2.21270020488253,1.60283278880775,3.05461819278669,0.794213581888646,0.164510727098625,1.38097268951092e-06,43,2541,8.61723446893788,5.31578837262819,43,11.6279069767442,6.87516511014577e-06
K52,K,1.96630968747878,1.49040169224483,2.59418236519135,0.676158530926452,0.141384109791777,1.73195273006259e-06,58,3030,11.623246492986,6.33877952344093,58,15.5172413793103,8.5307884470104e-06
A09,A,2.05802493730032,1.5303104587754,2.76771724212049,0.721746754588359,0.151161288538792,1.79993387161358e-06,50,2537,10.0200400801603,5.30742034685467,50,8,8.77230929007458e-06
D50,D,1.9189267505569,1.46819885765196,2.50802529562774,0.651766045664892,0.136596766852495,1.82895063058506e-06,63,3281,12.625250501002,6.86387314072927,63,30.1587301587302,8.82087647875919e-06
I69,I,4.39107278213914,2.37952636240864,8.10309164153398,1.47957356674149,0.312587809313284,2.2089273642174e-06,11,302,2.20440881763527,0.631785945900713,11,9.09090909090909,1.05436429859037e-05
S72,S,3.20917451746452,1.97861188554706,5.20506379182906,1.16601374440233,0.246743986461447,2.29435234006033e-06,18,629,3.60721442885772,1.31587205288592,18,5.55555555555556,1.08396442188564e-05
Z63,Z,5.64481917329351,2.74552785318319,11.60577681346,1.73073816401389,0.367737148621097,2.52062191323186e-06,8,141,1.60320641282565,0.294972908516558,8,12.5,1.17883630891551e-05
Z72,Z,1.95458180175105,1.4647218814291,2.60826991674958,0.67017625840706,0.147199426524605,5.29251217964164e-06,53,3030,10.6212424849699,6.33877952344093,53,26.4150943396226,2.45043313917408e-05
F17,F,1.7680518004605,1.37753880128878,2.26926977750974,0.569878262689246,0.127336649559327,7.62801056585024e-06,74,4500,14.8296593186373,9.41402899520931,74,31.5068493150685,3.49680088315709e-05
T18,T,7.96491257135872,3.18127501170242,19.9416372479659,2.07504596669897,0.468246889381864,9.35706579807503e-06,5,69,1.00200400801603,0.144348444593209,5,20,4.24737398481249e-05
N30,N,2.04736358283299,1.48723551934931,2.81844911970948,0.716552908314467,0.16307850398143,1.11327913693591e-05,43,1870,8.61723446893788,3.91205204912031,43,18.6046511627907,5.00435184855659e-05
Z91,Z,2.09561056837637,1.50423186103596,2.91948586387889,0.739844951665939,0.169164579131288,1.22258105931568e-05,39,1744,7.81563126252505,3.64845923725445,39,12.8205128205128,5.44283683137653e-05
J11,J,2.39491349017163,1.61642375391079,3.54833354281591,0.873347109196567,0.20057702016207,1.33570002712651e-05,27,1089,5.41082164328657,2.27819501684065,27,40.7407407407407,5.88980107199596e-05
B99,B,5.50400498178622,2.55163089227131,11.872434579502,1.70547600575168,0.392215961948807,1.37191527927961e-05,7,130,1.40280561122245,0.27196083763938,7,14.2857142857143,5.99242239911752e-05
Z20,Z,6.22221695102526,2.70941705738783,14.2894146473531,1.82812626624192,0.424179980849141,1.634102948391e-05,6,109,1.20240480961924,0.228028702328403,6,0,7.07093144957973e-05
J96,J,2.6077221908797,1.68515926222901,4.03535450756837,0.958477116488591,0.222763795667064,1.68758886541973e-05,22,1047,4.40881763527054,2.1903307462187,22,4.54545454545455,7.2347559693457e-05
Z92,Z,1.60256234976761,1.28379230814081,2.00048408812479,0.471603816867102,0.113155805340459,3.07636439094181e-05,110,8864,22.0440881763527,18.543545114119,110,10,0.000130674927798721
B00,B,2.82069088858799,1.72454413678757,4.61356535865999,1.0369818508966,0.25103015503434,3.6133709093299e-05,17,551,3.40681362725451,1.15269555030229,17,41.1764705882353,0.00015209006645634
I24,I,3.25722272985356,1.8545431327959,5.72081593803639,1.18087490892788,0.287365577959511,3.96839083191505e-05,13,519,2.60521042084168,1.08575134411414,13,7.69230769230769,0.00016552837434024
B27,B,2.99532495677248,1.77339056302166,5.05921920627388,1.09705272543883,0.267428285149739,4.09184627719075e-05,15,452,3.0060120240481,0.94558691240769,15,80,0.000169154002351725
R31,R,1.97144945544268,1.41822513608412,2.74047671027508,0.678769036392227,0.168042270779021,5.36165465440269e-05,40,2461,8.01603206412826,5.1484278571578,40,10,0.000219685496016676
N48,N,3.12760485830126,1.79213705266707,5.45823888586654,1.14026749063102,0.284111580979484,5.98378018284714e-05,14,748,2.80561122244489,1.56482081964812,14,21.4285714285714,0.000243025458303353
Y45,Y,3.69363414945004,1.94887799082279,7.00040397306947,1.30661083774134,0.326202561269024,6.18812339002326e-05,10,292,2.00400801603206,0.610865881466915,10,10,0.000249139228659197
S82,S,2.3698329617542,1.54997472285473,3.62335474495546,0.8628194723907,0.216622882361316,6.80368299221133e-05,23,923,4.60921843687375,1.9309219472396,23,0,0.000271560795292573
M48,M,2.09327587626728,1.45388074162636,3.01386748493617,0.738730243792287,0.185966269864576,7.11555903688146e-05,32,1701,6.41282565130261,3.55850296018912,32,28.125,0.00028158152428001
Y95,Y,2.88365183220535,1.70566408228817,4.87519669067897,1.05905748821174,0.267909674607198,7.71647385243385e-05,15,664,3.0060120240481,1.38909227840422,15,0,0.000302773507938718
Z03,Z,1.93456373356943,1.38371480345582,2.70470246462285,0.659881840374029,0.170974526163483,0.000113603876609808,38,2165,7.61523046092184,4.52919394991737,38,15.7894736842105,0.000442004998910428
D51,D,3.07894012296297,1.71762248521755,5.5191826855891,1.1245854218429,0.297777736366655,0.00015898798245429,12,377,2.40480961923848,0.788686429154202,12,25,0.000613428632302803
G62,G,2.81376960227345,1.63904642507419,4.83043021451923,1.0345250798155,0.275719620005817,0.000175365845691204,14,577,2.80561122244489,1.20708771783017,14,28.5714285714286,0.000671027988058078
H49,H,5.5735985488084,2.24775750422325,13.8204413620739,1.71804090436493,0.463320331601466,0.000208815244369322,5,92,1.00200400801603,0.192464592790946,5,60,0.000792470968385214
B35,B,1.71142482345801,1.28655656804062,2.27660018930144,0.53732625366349,0.145590271120628,0.000223660479660008,54,3379,10.8216432865731,7.0688897721805,54,22.2222222222222,0.000841908960021005
R19,R,1.69508183227636,1.27952015245765,2.2456093501884,0.527731018296161,0.143492801807399,0.000235298056719223,56,3264,11.2224448897796,6.82830903119182,56,8.92857142857143,0.000878572582750001
R50,R,2.23623364124165,1.45048429505132,3.44763532792609,0.804793040550382,0.220865073109807,0.000268619091786749,22,1036,4.40881763527054,2.16731867534152,22,9.09090909090909,0.000994965115978119
M54,M,1.47160882861907,1.19188033882777,1.81698822769366,0.386356243563913,0.107563299412914,0.000328280177538768,114,8052,22.8456913827655,16.8448358820945,114,29.8245614035088,0.00120629938254325
C449,C,1.97706642564052,1.35724796885984,2.87993921602888,0.68161414283523,0.191915839563455,0.000382852134949029,30,1797,6.01202404809619,3.75933557875358,30,6.66666666666667,0.00139575227150709
U80,U,5.1374783022864,2.07711813022205,12.7068763795548,1.63656235641419,0.462031090678439,0.00039694834500743,5,104,1.00200400801603,0.217568670111504,5,20,0.00143583659170656
S00,S,2.53407186339228,1.50338540148077,4.27137326364315,0.92982744116228,0.266381602951148,0.000481965532856744,15,650,3.0060120240481,1.3598041881969,15,20,0.00172984528459436
I73,I,1.98742517312398,1.34959378495134,2.9267019919696,0.686839918094966,0.197467485183762,0.000504711966702757,28,1580,5.61122244488978,3.30537018054016,28,21.4285714285714,0.00179755108141059
F52,F,3.4641588216844,1.69949842113034,7.0611400355832,1.2424698388652,0.363335039659029,0.000627073538009709,8,260,1.60320641282565,0.54392167527876,8,25,0.00221629807708775
K80,K,1.62742473287379,1.22962647388194,2.15391528844361,0.486998846949001,0.143004287477291,0.000660468260975402,57,3435,11.4228456913828,7.18604213300977,57,17.5438596491228,0.00231664246084554
R30,R,3.71801173786483,1.73686615203741,7.95893872805631,1.31318904633161,0.388319703579064,0.000720331632093164,7,215,1.40280561122245,0.449781385326667,7,14.2857142857143,0.00250762064405364
B37,B,1.93899015957258,1.31761131232446,2.85340813618751,0.662167301246391,0.197115722371981,0.000781452749775393,28,1374,5.61122244488978,2.87441685320391,28,14.2857142857143,0.0026871115885096
A49,A,3.15789062914533,1.61419930446018,6.17784507655876,1.14990428228417,0.342380222073665,0.000783499059284657,9,316,1.80360721442886,0.661074036108031,9,0,0.0026871115885096
S32,S,2.97125724275587,1.57117050494141,5.61897615495171,1.0889851773017,0.325083822027092,0.00080852517448937,10,365,2.00400801603206,0.763582351833644,10,10,0.00275255261609249
G63,G,4.03730172275316,1.7741162598838,9.18756316545638,1.39557657842727,0.419527633285597,0.000879305522593753,6,179,1.20240480961924,0.374469153364992,6,33.3333333333333,0.00297166756905772
H57,H,2.19493407921991,1.3793179451722,3.49283907237174,0.786152013830104,0.23702187727958,0.000910577268369695,19,848,3.80761523046092,1.77402146398611,19,15.7894736842105,0.00305505271924035
M43,M,2.32356140879363,1.40146721395383,3.8523467168408,0.843101098629251,0.257949694295959,0.00108130252884304,16,676,3.2064128256513,1.41419635572478,16,25,0.00360174871118221
E53,E,2.62247831620381,1.46570632648906,4.69220361177891,0.964119792885708,0.296827822695798,0.00116187590995687,12,478,2.40480961923848,0.999979079935566,12,8.33333333333333,0.00384248961650022
I64,I,2.25516108166764,1.37800177458803,3.69067122993278,0.813221403515452,0.25131986894137,0.00121301376968066,17,932,3.40681362725451,1.94975000523002,17,41.1764705882353,0.00398315869051168
R00,R,1.76216596577229,1.24983115174513,2.48451871806076,0.566543714776466,0.175273087341883,0.00122777186142081,36,2208,7.21442885771543,4.6191502269827,36,13.8888888888889,0.00400322797068897
F48,F,4.37930001614994,1.77375334367042,10.8122522784173,1.47688889795239,0.46111788947783,0.0013607743393245,5,107,1.00200400801603,0.223844689441643,5,60,0.00440586376998074
G99,G,3.184686705298,1.56429849631586,6.4835639967616,1.15835391850239,0.362712469473343,0.00140516866909446,8,282,1.60320641282565,0.589945817033116,8,25,0.00451800759576901
R06,R,1.72105515044784,1.23139866517613,2.40541988118802,0.542937562298664,0.17080964938425,0.0014798215084204,38,2357,7.61523046092184,4.9308591870463,38,15.7894736842105,0.00472522316136996
R35,R,2.47183272381726,1.41357049572036,4.32235748626051,0.904959868947124,0.285123009629127,0.00150391054980924,13,592,2.60521042084168,1.23846781448087,13,23.0769230769231,0.00476925057918957
R42,R,1.98250123455846,1.29749508489931,3.02915301242226,0.684359297254773,0.216287627212039,0.00155554398894174,23,1215,4.60921843687375,2.54178782870651,23,17.3913043478261,0.00489943446857161
N12,N,2.78462991736817,1.47172508055664,5.26875832935389,1.02411498030094,0.325346807838457,0.00164524445768557,10,309,2.00400801603206,0.646429991004372,10,0,0.00514694718857041
M86,M,3.10657136578098,1.52643301109362,6.32244296379307,1.13351966330811,0.362543885237444,0.00176857021584009,8,273,1.60320641282565,0.571117759042698,8,25,0.0054956242277447
N95,N,1.51407564405132,1.16660788789116,1.96503476421144,0.414805116812929,0.133012663297172,0.00181750370260364,73,3960,14.6292585170341,8.28434551578419,73,20.5479452054795,0.00560903866325202
R11,R,1.64597929621975,1.20298228681435,2.25210950591676,0.498335523937468,0.159965209811698,0.00183773861420061,44,2622,8.81763527054108,5.48524089454196,44,11.3636363636364,0.00560903866325202
R79,R,1.90046560314465,1.26874200511081,2.84673282210791,0.642098910438154,0.20615971838803,0.00184213130805118,26,1804,5.21042084168337,3.77397962385724,26,23.0769230769231,0.00560903866325202
M32,M,2.36165358392239,1.37471863740226,4.05712667211147,0.859362044835642,0.276078041836709,0.00185352681528631,14,481,2.80561122244489,1.00625509926571,14,21.4285714285714,0.00560903866325202
G98,G,3.31983759402886,1.55215927823884,7.10063832059342,1.19991586427071,0.387892255124663,0.00197860102021057,7,210,1.40280561122245,0.439321353109768,7,42.8571428571429,0.00594865111920452
I26,I,1.94857120356136,1.27447661750533,2.97920705895781,0.667096387885619,0.216612647768397,0.00207227128075196,23,1329,4.60921843687375,2.78027656325181,23,17.3913043478261,0.0061900748579881
R10,R,1.44459160033017,1.14218133103601,1.82706969115983,0.367826652087851,0.119840188629857,0.00214554054697298,86,5675,17.2344689378758,11.8721365661806,86,19.7674418604651,0.00636785431569544
M45,M,3.61270214945791,1.58989178360753,8.20912275619359,1.28445601020039,0.418770437198303,0.00216068491957956,6,182,1.20240480961924,0.380745172695132,6,83.3333333333333,0.00637195616411043
R02,R,3.60266844859166,1.58579547105897,8.18467462377761,1.28167480660245,0.418667678920882,0.00220365082894405,6,197,1.20240480961924,0.41212526934583,6,16.6666666666667,0.00645753375823479
K92,K,1.65544277428521,1.19851970379607,2.28656297452027,0.504068510379747,0.164786375123496,0.00222135687555773,41,2655,8.21643286573146,5.55427710717349,41,12.1951219512195,0.00646847945524042
Q66,Q,4.08159616582962,1.65497656093744,10.066261755078,1.40648812902571,0.460561879016603,0.00225922993801148,5,112,1.00200400801603,0.234304721658543,5,0,0.00653764663312071
R07,R,1.46304257994696,1.14443889846801,1.87034326918038,0.380518226157832,0.125308037892362,0.00239213089023284,77,5606,15.4308617234469,11.7277881215874,77,23.3766233766234,0.00687923355389941
Z22,Z,2.79960345817981,1.43306055877211,5.4692591147495,1.02947778507317,0.34166600866633,0.0025858387858987,9,355,1.80360721442886,0.742662287399845,9,11.1111111111111,0.00736580208602387
M80,M,2.99346102625214,1.46669300658102,6.1095327212195,1.0964302518404,0.363989816690331,0.00259314414691553,8,280,1.60320641282565,0.585761804146357,8,12.5,0.00736580208602387
R03,R,2.28693871413055,1.33429393757618,3.91974252066964,0.827214117187289,0.274904005589379,0.00262021369592275,14,655,2.80561122244489,1.3702642204138,14,0,0.00739731061714775
J81,J,3.91015119990931,1.58969332697612,9.61775591977553,1.36357604330314,0.459201490708999,0.0029833298467475,5,154,1.00200400801603,0.322168992280496,5,0,0.00830662313353122
N89,N,1.78992045432204,1.2186994166995,2.62888058277491,0.582171179938989,0.196115786590287,0.00299249816288371,29,1246,5.81162324649299,2.60664002845129,29,27.5862068965517,0.00830662313353122
J98,J,1.67274918137506,1.19093727064011,2.34948547901856,0.514468489291973,0.173330545813077,0.00299612540669485,37,2436,7.41482965931864,5.0961276960733,37,5.40540540540541,0.00830662313353122
N36,N,3.46178774862796,1.52214705210482,7.87307271001135,1.24178514598604,0.419215955885944,0.00305488021532962,6,180,1.20240480961924,0.376561159808372,6,0,0.008419104402962
M85,M,1.76856387081058,1.21190225341684,2.58091620534407,0.570167844821575,0.192845208889167,0.00311042456319161,30,1563,6.01202404809619,3.2698060710027,30,6.66666666666667,0.00852145901040067
M25,M,1.35968238518565,1.10483490700093,1.6733144263178,0.307251132168507,0.105895517239754,0.00371433516382981,120,9135,24.0480961923848,19.1104788602749,120,24.1666666666667,0.0101161010638424
H20,H,2.77485089975348,1.3645067582042,5.64291636488208,1.02059701593633,0.362144898929975,0.00482936088738464,8,281,1.60320641282565,0.587853810589737,8,37.5,0.0130759888354333
R87,R,2.98186010671448,1.38877149952876,6.40241371531049,1.09254730267152,0.389861101842255,0.00507237168552996,7,169,1.40280561122245,0.353549088931194,7,28.5714285714286,0.0136541168046533
K50,K,2.5982701401162,1.33084206598016,5.07273394311242,0.954845892872188,0.341343887074653,0.00515294931658815,9,346,1.80360721442886,0.723834229409427,9,44.4444444444444,0.0137908412345683
D72,D,3.21591889679723,1.41675346898421,7.2998828499024,1.16811313234115,0.418237330472374,0.00522308530359564,6,190,1.20240480961924,0.397481224242171,6,0,0.0138982097446252
L60,L,1.87532523016339,1.20571540906325,2.91681162275242,0.62878210046775,0.225361739402092,0.00526915393528111,21,1171,4.20841683366734,2.4497395451978,21,23.8095238095238,0.0138998429798646
V18,V,3.21552694932969,1.41514698885816,7.30638841284482,1.16799124762738,0.418754001467108,0.00528374160789669,6,208,1.20240480961924,0.435137340223008,6,0,0.0138998429798646
G56,G,1.56760914847792,1.13842133378985,2.15860188969833,0.449551623303546,0.16321893649639,0.00588203519591278,42,2556,8.41683366733467,5.34716846927889,42,35.7142857142857,0.0153863406537153
J06,J,1.40375286693985,1.10139853693306,1.78910906939184,0.339149269412043,0.123759438743308,0.00613661066761412,79,5397,15.8316633266533,11.290558774921,79,16.4556962025316,0.0159620828039626
Z43,Z,2.68592559977896,1.32151685891092,5.45902708611171,0.988025398454183,0.361859788810301,0.00632557015225494,8,344,1.60320641282565,0.719650216522667,8,0,0.0163616702820896
E10,E,2.31238999276891,1.26212930943395,4.23660827673507,0.838281618578396,0.308919079497275,0.00665572543801586,11,524,2.20440881763527,1.09621137633104,11,45.4545454545455,0.0171200048766741
D68,D,2.5161394418497,1.28873831661442,4.91252382986755,0.922725759341281,0.341358198319366,0.00686958251846678,9,340,1.80360721442886,0.711282190749148,9,11.1111111111111,0.0175724679892272
N93,N,1.74831086996505,1.16527699771657,2.62305949918132,0.558650104650544,0.206985346742084,0.00695515549010003,26,1078,5.21042084168337,2.25518294596347,26,46.1538461538462,0.017693609845694
K13,K,2.03938075121408,1.21231366191459,3.43069123039839,0.712646208448059,0.265365080267277,0.00724146085629513,15,729,3.0060120240481,1.52507269722391,15,6.66666666666667,0.0183212916746702
L23,L,3.07781187077117,1.35311370051291,7.0008351170113,1.12421891294159,0.419291087463235,0.00733504756880333,6,160,1.20240480961924,0.334721030940775,6,50,0.018457212088891
H61,H,1.54070684026464,1.12266601230308,2.11441117983842,0.432241298307971,0.161497486459999,0.00744048100292571,43,3109,8.61723446893788,6.50404803246794,43,16.2790697674419,0.0186213119154303
A37,A,2.20729799119111,1.23536070165023,3.9439205208713,0.791769139089461,0.296125584458661,0.00750058093380991,12,513,2.40480961923848,1.07319930545386,12,81.8181818181818,0.0186708009266344
R55,R,1.68031970676364,1.14826215496242,2.45891088958746,0.518984076955131,0.19425226895218,0.00754677491340094,29,1979,5.81162324649299,4.14008075144871,29,10.3448275862069,0.0186853304005595
F41,F,1.43649357056205,1.09984655310477,1.87618333888576,0.362205123661125,0.136242066716796,0.00784797952426092,63,4047,12.625250501002,8.46635007635824,63,34.9206349206349,0.0193277368070894
S42,S,2.19262132379497,1.22752656798905,3.91648408672429,0.785097779557618,0.295967630164476,0.00798632375003774,12,563,2.40480961923848,1.17779962762285,12,0,0.0195643804035316
L90,L,2.02130914557469,1.20009350122736,3.40447694934219,0.703745393360932,0.26599281730252,0.00815146543462451,15,655,3.0060120240481,1.3702642204138,15,20,0.0198638341906902
N28,N,1.85199902100395,1.16383000186424,2.94708021644528,0.616265607608268,0.2370149568741,0.00931931396083902,19,1172,3.80761523046092,2.45183155164118,19,5.26315789473684,0.0225907977165888
L02,L,1.72571720017175,1.14039543977513,2.61146243758732,0.545642732291174,0.211361047467837,0.00983528617693687,24,1343,4.80961923847695,2.80956465345913,24,16.6666666666667,0.0237173828120926
K43,K,2.01444305545222,1.17664129902395,3.44878326727597,0.700342757914029,0.274325885088003,0.010681204567959,14,747,2.80561122244489,1.56272881320474,14,21.4285714285714,0.0256238223573316
M50,M,2.19000390014694,1.1958840313333,4.010520215168,0.783903324715838,0.308682468192259,0.0111006730753316,11,508,2.20440881763527,1.06273927323696,11,54.5454545454545,0.0264928434736006
M31,M,2.6608009471803,1.24573486994826,5.68328129147547,0.978627185432222,0.387194679929659,0.0114884049631361,7,261,1.40280561122245,0.54601368172214,7,0,0.0272775974252924
E88,E,3.12884724176919,1.27655623339211,7.66882398616564,1.14066464335093,0.457397262156825,0.0126378011907842,5,173,1.00200400801603,0.361917114704713,5,40,0.0298535813843525
K20,K,1.61431510821635,1.09748891167677,2.37452355179975,0.478910785126806,0.196880623707368,0.0149952716599492,28,1930,5.61122244488978,4.0375724357231,28,10.7142857142857,0.0352426943073933
I20,I,1.49225419009113,1.0802873511958,2.06132429985373,0.400287855964255,0.164826930762934,0.0151599907937887,43,3778,8.61723446893788,7.90360034308906,43,13.953488372093,0.0354498774622432
O04,O,1.96519536008779,1.13822155106252,3.39300622071814,0.675591660271402,0.27863503006461,0.0153232675963301,14,494,2.80561122244489,1.03345118302964,14,64.2857142857143,0.0356516225984968
J10,J,3.01912015209042,1.23229704712896,7.39682571989854,1.10496544857152,0.457186481040747,0.0156541217939221,5,178,1.00200400801603,0.372377146921613,5,0,0.0362392919529296
M51,M,1.48062902837707,1.07640101695994,2.0366594653212,0.392467016654654,0.162675475513087,0.0158402163013052,42,2904,8.41683366733467,6.07518671157507,42,26.1904761904762,0.0364876624253945
R45,R,2.53480779443631,1.18933650854857,5.40238234389713,0.930117813433425,0.386082764103869,0.0159912542079431,7,288,1.40280561122245,0.602497855693396,7,0,0.0366532212786023
Z37,Z,0.467794552300021,0.251951668631443,0.868546512711077,-0.759726070261087,0.315710168749473,0.0161104575479407,12,1464,2.40480961923848,3.06269743310809,12,66.6666666666667,0.0367445411068795
M84,M,2.26265244879782,1.15980676183269,4.4141802518559,0.816537775006088,0.340961412444678,0.0166289831236774,9,388,1.80360721442886,0.81169850003138,9,11.1111111111111,0.0377412705208953
S06,S,2.50432286932674,1.17500839620831,5.33752188841474,0.918018386350039,0.386093414831761,0.0174204943359745,7,317,1.40280561122245,0.663166042551411,7,0,0.039344823792957
J43,J,2.07737029974686,1.13206864433617,3.81201915966934,0.73110281487047,0.309722549517888,0.0182498835497488,11,654,2.20440881763527,1.36817221397042,11,9.09090909090909,0.0405879655408259
J44,J,1.51731373528583,1.07320357601772,2.14520434215273,0.416941491960357,0.176680265453635,0.0182816096222522,36,2834,7.21442885771543,5.92874626053848,36,16.6666666666667,0.0405879655408259
T39,T,2.49172516531815,1.16655017249053,5.32226941103142,0.912975308052701,0.387206370082642,0.0183810203463048,7,238,1.40280561122245,0.497897533524403,7,28.5714285714286,0.0405879655408259
S92,S,2.93701791638051,1.19930358909561,7.19256935405739,1.07739475242958,0.456966176795813,0.0183879401705834,5,172,1.00200400801603,0.359825108261333,5,20,0.0405879655408259
E83,E,1.80181374388587,1.10403139534838,2.94061634599763,0.588793793070397,0.249910922349121,0.0184721894084552,17,1040,3.40681362725451,2.17568670111504,17,5.88235294117647,0.0405879655408259
M21,M,2.00665551248047,1.12405772240543,3.58225940314825,0.69646941207262,0.295675667074739,0.0184968914235729,12,624,2.40480961923848,1.30541202066902,12,16.6666666666667,0.0405879655408259
I21,I,1.59072478773167,1.08041704501603,2.34206352257837,0.464189753708711,0.197368690978449,0.0186782205268887,29,2523,5.81162324649299,5.27813225664735,29,10.3448275862069,0.0407925287922144
N76,N,1.95545769171749,1.11551791046633,3.4278380904692,0.67062427944754,0.286380351371167,0.0191948071719268,13,495,2.60521042084168,1.03554318947302,13,23.0769230769231,0.041723923570902
R04,R,1.85070474967096,1.0995609233082,3.11497798607618,0.615566512316901,0.265640598381274,0.0204878966239141,15,953,3.0060120240481,1.99368214054099,15,13.3333333333333,0.0442922930953746
N40,N,1.65028946769147,1.08001095599595,2.5216923143728,0.500950707490103,0.21631608263507,0.0205676954978521,30,3540,6.01202404809619,7.40570280956465,30,23.3333333333333,0.0442922930953746
M15,M,0.419435737285743,0.198165931968682,0.887772867741154,-0.868844953639654,0.382553880286603,0.0231366796895585,7,1625,1.40280561122245,3.39951047049225,7,14.2857142857143,0.0495939013715999
K04,K,1.78928303284015,1.08171132328841,2.95969331436502,0.581814999302202,0.256770741660236,0.0234579417140854,16,858,3.2064128256513,1.79494152841991,16,43.75,0.0500508157309748
R93,R,1.78835879466801,1.0807370189531,2.95930196003143,0.581298324779004,0.256966883383844,0.0236879715615318,16,945,3.2064128256513,1.97694608899395,16,12.5,0.0503097744632533
H04,H,1.58517134021904,1.06136510921799,2.36748707492678,0.460692502571312,0.204661522507987,0.0243857182926122,26,1637,5.21042084168337,3.42461454781281,26,19.2307692307692,0.0515551943811848
D63,D,2.77993383591918,1.13544894912587,6.80614671230951,1.02242712739025,0.456836226926267,0.025217108227168,5,209,1.00200400801603,0.437229346666388,5,0,0.0530705504962672
I80,I,1.55171002534456,1.05498793746954,2.28230477073518,0.439357564964535,0.19685113866328,0.0256197230507295,28,1888,5.61122244488978,3.94970816510115,28,35.7142857142857,0.0536738994230216
E16,E,2.10336641197707,1.07860702218819,4.10172581118372,0.743539114533331,0.340749336820378,0.0291043216099064,9,487,1.80360721442886,1.01880713792598,9,11.1111111111111,0.0606995536278679
H66,H,1.69252022149997,1.05218204239484,2.7225561592614,0.52621867344339,0.242526801018734,0.0300269942334396,18,991,3.60721442885772,2.07317838538943,18,22.2222222222222,0.0623430418389352
R05,R,1.7720303164391,1.05417502463905,2.97871925343179,0.572125960636485,0.264983401413792,0.0308423222477897,15,867,3.0060120240481,1.81376958641033,15,0,0.0637499785746724
N87,N,1.65396101486934,1.04607457177343,2.61509753943253,0.503173026111712,0.233738964634565,0.0313412013613696,20,863,4.00801603206413,1.80540156063681,20,50,0.064493227690285
D70,D,1.80134684327148,1.05263869982516,3.08258707408639,0.588534631367381,0.274099271514701,0.031780650610447,14,785,2.80561122244489,1.64222505805318,14,7.14285714285714,0.064992239352136
L98,L,1.33478792031675,1.02535806424075,1.73759670339434,0.288772418046486,0.13455639565887,0.0318644456434878,65,5037,13.0260521042084,10.5374364553043,65,7.69230769230769,0.064992239352136
H43,H,1.65664755994904,1.04000519569528,2.63891098741129,0.504796018143963,0.237535872011385,0.0335752716115917,19,1196,3.80761523046092,2.5020397062823,19,21.0526315789474,0.0681813629656446
K83,K,1.91947835621146,1.04825641893705,3.51478616625148,0.652053459652221,0.308635320981151,0.0346265595795936,11,602,2.20440881763527,1.25938787891467,11,0,0.0700091575779555
R21,R,2.04568380396764,1.04979979405613,3.98630505503009,0.715732112071028,0.34037379510682,0.0354847730320566,9,449,1.80360721442886,0.939310893077551,9,22.2222222222222,0.0714323909297487
N43,N,2.60983564028025,1.06119624660288,6.4184566154293,0.959287246279014,0.459127775479805,0.0366745381164294,5,304,1.00200400801603,0.635969958787473,5,25,0.0735078404671291
K75,K,2.23492288833325,1.04986750238949,4.75762922980997,0.80420672560601,0.385480998775238,0.0369566897286546,7,325,1.40280561122245,0.67990209409845,7,42.8571428571429,0.0737540833808927
K44,K,1.30574688352675,1.01433384854391,1.68088142408669,0.266775201600998,0.128848526236817,0.0384096642754052,73,5953,14.6292585170341,12.4537143574402,73,15.0684931506849,0.0763247835172215
L53,L,2.53994711949346,1.03904230031409,6.20892081859708,0.932143261716662,0.456042774440161,0.0409553168369804,5,199,1.00200400801603,0.416309282232589,5,20,0.0806559213743721
E05,E,1.6657117417804,1.02016557152977,2.71975028773469,0.510252504632834,0.250146717082016,0.0413689627942978,17,890,3.40681362725451,1.86188573460806,17,35.2941176470588,0.0806559213743721
Z71,Z,2.08599333980434,1.0287871573518,4.22960977167416,0.73524516376636,0.360645190039285,0.0414805828544537,8,408,1.60320641282565,0.853538628898977,8,12.5,0.0806559213743721
I42,I,2.08677186148606,1.02857502981781,4.23364040118814,0.735618308025956,0.360940780537564,0.0415441154210894,8,455,1.60320641282565,0.95186293173783,8,25,0.0806559213743721
K31,K,1.47461563836773,1.01493331581713,2.1424967010448,0.38839737167636,0.190599214307753,0.0415729342773952,30,2133,6.01202404809619,4.46224974372921,30,6.66666666666667,0.0806559213743721
T78,T,2.533246103195,1.03583097141281,6.19535039640668,0.929501525082006,0.456274259981062,0.0416344820917385,5,185,1.00200400801603,0.387021192025272,5,20,0.0806559213743721
Z04,Z,2.18914485633933,1.02838015203148,4.66010083194434,0.783510991015204,0.385472497267629,0.0420930582561889,7,317,1.40280561122245,0.663166042551411,7,14.2857142857143,0.0812045248858978
D69,D,1.87012550679024,1.02196729704978,3.42219307921464,0.62600554454493,0.308304108289906,0.0423077000553132,11,632,2.20440881763527,1.32214807221606,11,18.1818181818182,0.0812799382805394
K86,K,2.1752154617059,1.02139873074275,4.63243409496277,0.777127722487533,0.385691188735274,0.0439155230098279,7,363,1.40280561122245,0.759398338946884,7,14.2857142857143,0.0840201948493814
I70,I,2.16393247046013,1.01465738254036,4.61496049532307,0.771927154610136,0.386416404718386,0.0457539379890838,7,421,1.40280561122245,0.880734712662915,7,0,0.0871772563331103
K91,K,2.15364306326073,1.01203544203788,4.58301977506973,0.767160856210371,0.38530472662336,0.0464754247442454,7,356,1.40280561122245,0.744754293843225,7,14.2857142857143,0.0881890231827279
I89,I,2.15358695460845,1.01100803049657,4.58743811241709,0.767134802968708,0.385809652979436,0.046770078569666,7,318,1.40280561122245,0.665258048994791,7,28.5714285714286,0.088385903582675
I63,I,1.725839649927,1.00630097551683,2.95987241364878,0.545713685638094,0.27522065217952,0.0473872663158274,14,997,2.80561122244489,2.08573042404971,14,14.2857142857143,0.0891882288789759
M23,M,0.573620077403158,0.329965765020407,0.997194339781447,-0.555787987863067,0.282131828776815,0.0488431295516449,13,2255,2.60521042084168,4.71747452982155,13,23.0769230769231,0.091494240500144
A04,A,1.71459298856987,1.00233758878421,2.93297303158993,0.539175728002944,0.273898401596465,0.0490077141339865,14,850,2.80561122244489,1.77820547687287,14,28.5714285714286,0.091494240500144
K29,K,1.27965375056394,1.00068753922122,1.63638863996122,0.246589533965885,0.125460321934427,0.0493589106408213,77,6357,15.4308617234469,13.2988849605657,77,20.7792207792208,0.0917381057878561
R49,R,2.44894713864342,1.00180803593731,5.98651824773855,0.895658192863011,0.456046831354692,0.0495346143562938,5,213,1.00200400801603,0.445597372439907,5,20,0.0917381057878561
J38,J,2.02478391778465,0.998651331483362,4.10528658448765,0.70546298759804,0.360618656319689,0.0504348160819593,8,409,1.60320641282565,0.855630635342357,8,25,0.0930331467966021
J02,J,1.39403772848546,0.998329665533844,1.94659264923447,0.332204376882741,0.170344953016776,0.0511539298147257,38,2495,7.61523046092184,5.21955607623272,38,39.4736842105263,0.0939851964453095
R22,R,2.01740945959992,0.995030090224049,4.09026919654946,0.701814242633218,0.360610481368786,0.0516326766066313,8,397,1.60320641282565,0.830526558021799,8,25,0.0944898390073924
K61,K,2.09234115729121,0.983234261656644,4.45254166704735,0.738283610006103,0.385301777681553,0.0553500980076598,7,365,1.40280561122245,0.763582351833644,7,57.1428571428571,0.100894076289553
H90,H,1.68970598534378,0.987456771740042,2.89137347438055,0.524554540630536,0.274069948596271,0.0556273082657815,14,911,2.80561122244489,1.90581786991904,14,0,0.101001740106105
K08,K,1.83692218825764,0.975588206820298,3.45871660002012,0.608091447283404,0.322860279656589,0.0596393034384275,10,533,2.00400801603206,1.11503943432146,10,40,0.107863271453093
K56,K,1.61752874855979,0.977348801892092,2.67703735590836,0.480899520687703,0.257046529666078,0.0613637063664278,16,1065,3.2064128256513,2.22798686219954,16,6.25,0.110550179173759
M47,M,1.34104641943048,0.984959826028038,1.82586685420419,0.293450219233981,0.157451348792923,0.0623565811864759,46,3602,9.21843687374749,7.5354072090542,46,23.9130434782609,0.111903477090459
K62,K,1.2965442453404,0.985527055555561,1.70571367944606,0.259702452171242,0.139939362910308,0.0634790316903422,59,4792,11.8236472945892,10.0248948766762,59,25.4237288135593,0.113477960125979
Z01,Z,1.95124540898276,0.962229192227396,3.95681057780311,0.668467839985166,0.36069920975456,0.0638457280139561,8,374,1.60320641282565,0.782410409824062,8,25,0.113694507963314
N99,N,2.32104173639136,0.949496911789469,5.67377805570488,0.842016109203595,0.456040362448178,0.064839497527441,5,205,1.00200400801603,0.428861320892868,5,0,0.11502179063297
I25,I,1.32211932707763,0.98096299305308,1.78192197606952,0.279235999895891,0.152273746796627,0.0666871955470401,53,5445,10.6212424849699,11.3909750842033,53,15.0943396226415,0.117847982970533
H25,H,1.36303682404456,0.978105657004369,1.89945674109641,0.309715169256681,0.169312627700218,0.0673621253907873,41,3521,8.21643286573146,7.36595468714044,41,14.6341463414634,0.118588076258306
I35,I,1.70280334154821,0.950542525898713,3.05040452266594,0.532275917354366,0.297448109618674,0.0735383710620752,12,922,2.40480961923848,1.92882994079622,12,16.6666666666667,0.12851367021821
K10,K,2.25709088884532,0.923991882362968,5.51353250796993,0.814076766783265,0.455677938512128,0.0740154511856265,5,213,1.00200400801603,0.445597372439907,5,20,0.12851367021821
S01,S,1.73416435261912,0.94777888941675,3.17302488531431,0.550525656230755,0.308244744476626,0.0740989731235006,11,725,2.20440881763527,1.51670467145039,11,18.1818181818182,0.12851367021821
M41,M,1.83888333926568,0.942355356488992,3.5883405470603,0.609158506560314,0.341087421384632,0.0741104750502423,9,450,1.80360721442886,0.941402899520931,9,22.2222222222222,0.12851367021821
E14,E,1.40098517706982,0.962904249839832,2.03837449746,0.337175687048951,0.191314789903469,0.0779995312284879,30,2582,6.01202404809619,5.40156063680676,30,36.6666666666667,0.134752921488022
I50,I,1.44741648427487,0.957590760805473,2.18779729786491,0.369780232271914,0.210772961907399,0.0793618711917071,25,2296,5.01002004008016,4.80324679400013,25,8,0.136596826623645
F43,F,1.44590052587676,0.955328303686143,2.18838730378235,0.368732328753902,0.21144518001966,0.0811822370947905,24,1459,4.80961923847695,3.0522374008912,24,29.1666666666667,0.139212502869956
N41,N,2.06754973554882,0.906970213661874,4.71323296462926,0.726364203514554,0.420413200727508,0.0840350620081769,6,474,1.20240480961924,0.991611054162047,6,0,0.143572818117291
B97,B,1.7919901065959,0.920541089515825,3.48841412807177,0.583326793664674,0.339857364649315,0.0860912175777983,9,504,1.80360721442886,1.05437124746344,9,0,0.146544976979855
S52,S,1.50057847153953,0.943363469107775,2.38692277471543,0.405850681458224,0.236813424964697,0.0865655923915363,19,1125,3.80761523046092,2.35350724880233,19,10.5263157894737,0.146812707975389
M65,M,1.37994055401979,0.950655919836175,2.00307586887652,0.32204042144403,0.190124240889867,0.0902953137143886,30,2097,6.01202404809619,4.38693751176754,30,20,0.152579307480883
H92,H,1.41908371174862,0.945677211749737,2.12947774983836,0.350011389918213,0.207074169321606,0.0909761882534554,25,1624,5.01002004008016,3.39741846404887,25,12,0.153170818768545
I51,I,1.3805898609912,0.947906627870525,2.01077649235728,0.322510843345455,0.191841897311667,0.0927379958781984,30,2639,6.01202404809619,5.52080500407941,30,26.6666666666667,0.155571348157992
S22,S,1.83131803028101,0.90372800483522,3.71099015421548,0.605035942734715,0.360338156227083,0.0931368042457805,8,507,1.60320641282565,1.06064726679358,8,0,0.155676319010095
N50,N,1.63112963163951,0.920569089792674,2.8901512170169,0.48927280033307,0.291855114617198,0.0936552505417212,13,1224,2.60521042084168,2.56061588669693,13,23.0769230769231,0.155979787772723
K81,K,1.65377422021546,0.904256892617729,3.02454887961297,0.503060081972714,0.30801115698089,0.102415841090948,11,675,2.20440881763527,1.4121043492814,11,9.09090909090909,0.169958904749495
J90,J,1.43136926190195,0.927220185544888,2.20963477268748,0.358631511941965,0.221528433011821,0.105469624329378,22,1846,4.40881763527054,3.8618438944792,22,4.54545454545455,0.174401557373221
I44,I,1.51692408214135,0.912814966756947,2.52083801732084,0.416684654381979,0.259136091028516,0.107840402003065,16,1395,3.2064128256513,2.91834898851488,16,12.5,0.177687210417862
I08,I,1.58205175869483,0.903671044090814,2.76968901853833,0.458722586063631,0.285720642937466,0.108385280209331,13,1029,2.60521042084168,2.15267463023786,13,7.69230769230769,0.177951718925248
Z98,Z,1.57194070248726,0.901437412690781,2.74117485845217,0.452310972231473,0.283712059553791,0.110877667471535,13,861,2.60521042084168,1.80121754775005,13,23.0769230769231,0.181400565509967
K26,K,1.58226262756272,0.885929892941978,2.82590647694248,0.458855865404727,0.295904757406902,0.120976545423628,12,942,2.40480961923848,1.97067006966381,12,50,0.197225846940632
J03,J,0.688971230979307,0.428974958359012,1.10654794147652,-0.372555763587246,0.241735188925565,0.123274669503746,18,2209,3.60721442885772,4.62124223342608,18,61.1111111111111,0.199179585637556
J01,J,1.30912251366225,0.929333019079325,1.84412015993491,0.269357075873044,0.174818984588199,0.123371061699587,36,2448,7.21442885771543,5.12123177339386,36,41.6666666666667,0.199179585637556
N18,N,1.31514081514825,0.928092517757898,1.86360231396671,0.273943743659599,0.177840611716854,0.123465531485915,36,3265,7.21442885771543,6.8304010376352,36,22.2222222222222,0.199179585637556
G44,G,1.60282955043165,0.876276161103747,2.93179557058925,0.471770536365356,0.308083939638347,0.125693982953769,11,606,2.20440881763527,1.26775590468819,11,18.1818181818182,0.202070535095816
T81,T,1.32309980832923,0.921512473626693,1.89969550375291,0.279977323201303,0.184549127012866,0.129244389312331,32,2542,6.41282565130261,5.31788037907157,32,12.5,0.20705935035159
Z48,Z,1.97230887741344,0.809212234771651,4.80714717446353,0.6792048754634,0.454540270243347,0.135105645910829,5,263,1.00200400801603,0.5501976946089,5,0,0.215703151919702
H34,H,1.95871397779697,0.802906664861344,4.77833926995706,0.672288124115397,0.455002514773338,0.139528761238527,5,315,1.00200400801603,0.658982029664651,5,0,0.2217770326047
K21,K,1.18802001138914,0.945112098201769,1.49335888319117,0.172288065402239,0.116703980352032,0.139868020562792,92,7952,18.436873747495,16.6356352377565,92,17.3913043478261,0.2217770326047
K51,K,1.5987712056679,0.849864587589832,3.00761957304478,0.469235337727817,0.322404892160417,0.145552328115812,10,634,2.00400801603206,1.32633208510282,10,30,0.230002484360482
N85,N,1.45345967439789,0.875881552506918,2.41190720258278,0.373946696839626,0.258403626561638,0.14785720472496,16,831,3.2064128256513,1.73845735444865,16,31.25,0.232849951658695
L73,L,1.74241107275081,0.819964248480803,3.70259599984951,0.555269828060901,0.38457365670861,0.148778866502851,7,396,1.40280561122245,0.828434551578419,7,28.5714285714286,0.233507170138374
N94,N,1.37906169189536,0.889917368584445,2.13706487499894,0.321403334500402,0.223484693547853,0.150392993096819,22,1126,4.40881763527054,2.35559925524571,22,50,0.235243093931848
K58,K,1.24165636787982,0.923648097435602,1.66915358801353,0.216446268804037,0.150954283477688,0.151614185290366,50,3509,10.0200400801603,7.34085060981988,50,52,0.236103922030592
L29,L,1.40164667790985,0.882541459884827,2.22608625089648,0.337647743948709,0.236019007748703,0.152546161453316,19,1297,3.80761523046092,2.71333235706366,19,15.7894736842105,0.236103922030592
M72,M,0.701399315895468,0.431304975993911,1.14063372258793,-0.354677916618041,0.248092817131578,0.152826733288664,17,2546,3.40681362725451,5.32624840484509,17,11.7647058823529,0.236103922030592
Z80,Z,0.694199489303848,0.420801371493555,1.14522661663213,-0.364995911216133,0.255407370966873,0.152983102827598,16,2051,3.2064128256513,4.29070521537206,16,6.25,0.236103922030592
K22,K,1.32084206670296,0.898345516551545,1.94204093305792,0.278269462528293,0.196668359644603,0.157092747833094,28,2357,5.61122244488978,4.9308591870463,28,14.2857142857143,0.240890552476421
N83,N,1.34496746419677,0.892074551736961,2.02778733708488,0.296369822572938,0.209477241983203,0.157125155179005,25,1375,5.01002004008016,2.87650885964729,25,44,0.240890552476421
R09,R,1.87094880049615,0.767882169603134,4.5585762407885,0.626445682137277,0.454369726907388,0.167983101649228,5,279,1.00200400801603,0.583669797702977,5,0,0.256687049714827
F40,F,1.62477464119433,0.801724773714301,3.29276669652831,0.485369123822462,0.360387259569335,0.178045045713201,8,439,1.60320641282565,0.918390828643752,8,12.5,0.271167290017145
N35,N,1.60450450431621,0.792201985960105,3.24972008401484,0.472814988865925,0.360078508046458,0.189153090266554,8,592,1.60320641282565,1.23846781448087,8,12.5,0.287140592765293
E78,E,1.15267579483966,0.930286423771211,1.42822839725328,0.142086017740053,0.109361620123515,0.193864632368173,122,12600,24.4488977955912,26.3592811865861,122,14.7540983606557,0.293331126753151
L21,L,1.40845326291363,0.83898155436664,2.36446270300854,0.342492125613804,0.264315654913611,0.195054958974586,15,1074,3.0060120240481,2.24681492018995,15,20,0.294170833893268
J84,J,1.55197420075797,0.795574729468714,3.02752693191605,0.439527798399905,0.340927700901282,0.197324684589713,9,729,1.80360721442886,1.52507269722391,9,11.1111111111111,0.296627691444926
G45,G,1.46374794018015,0.819108144139218,2.6157205830656,0.381000228707721,0.296193565524397,0.198330791106176,12,999,2.40480961923848,2.08991443693647,12,25,0.29717526304906
N91,N,1.70990084857014,0.753163448626704,3.88197398223716,0.536435385541156,0.418320610729053,0.199718260727012,6,239,1.20240480961924,0.499989539967783,6,33.3333333333333,0.298288886182602
M17,M,0.797352060030489,0.563167444019071,1.12891878674246,-0.22645896619522,0.177407813764155,0.201783024646048,35,4524,7.01402805611223,9.46423714985042,35,17.1428571428571,0.29964295574686
I77,I,1.69869288641194,0.752792576992346,3.8331375873488,0.529859064968462,0.415216640948436,0.201919227198748,6,428,1.20240480961924,0.895378757766574,6,0,0.29964295574686
H83,H,1.3590992232222,0.84520237729546,2.18545374242064,0.306822144440629,0.242347614787316,0.205498214969716,18,1216,3.60721442885772,2.54387983514989,18,16.6666666666667,0.303979787638909
K76,K,1.33717893763721,0.851644866440467,2.09952244382557,0.290562124345839,0.230177442255293,0.206826575603066,20,1575,4.00801603206413,3.29491014832326,20,25,0.304970396510253
O70,O,0.583897188415344,0.252465953232712,1.35042338293071,-0.538030358886043,0.427779856711511,0.208490433919109,6,663,1.20240480961924,1.38700027196084,6,66.6666666666667,0.30644784414142
N60,N,0.690919952682005,0.387432209353712,1.2321391187646,-0.369731304642545,0.295144430843843,0.210310124755952,12,1287,2.40480961923848,2.69241229262986,12,25,0.307323599258666
H50,H,1.76538465112719,0.724841884547464,4.29967284296939,0.568368599291358,0.454168539532308,0.210770842286927,5,271,1.00200400801603,0.566933746155938,5,40,0.307323599258666
Y83,Y,1.23177074661682,0.888480766601749,1.70770063827509,0.208452765504324,0.166681144984525,0.21107754765498,40,3483,8.01603206412826,7.286458442292,40,15,0.307323599258666
E04,E,1.47014677381504,0.802809771249527,2.69220880706867,0.385362241939029,0.30867333296493,0.211867470883574,11,631,2.20440881763527,1.32005606577268,11,9.09090909090909,0.307496857849853
H26,H,1.20076604522613,0.900602423713777,1.60097181331398,0.182959724143626,0.146760767367731,0.212524826159726,57,5422,11.4228456913828,11.3428589360055,57,19.2982456140351,0.307496857849853
N97,N,1.53232306702167,0.782467002529677,3.00078338656542,0.42678492834346,0.342902273005911,0.213269426011894,9,406,1.80360721442886,0.849354616012217,9,100,0.307612910415909
I10,I,1.12769915620155,0.93266053589506,1.36352438851425,0.120179412008552,0.0968843866500572,0.214812146454842,194,19657,38.877755511022,41.1225706575176,194,30.9278350515464,0.308875850337241
M20,M,1.25360686774244,0.875476422587245,1.79505711211131,0.226024890460778,0.183169361380363,0.217215317029057,33,2308,6.61322645290581,4.82835087132068,33,6.06060606060606,0.311364370849701
Z95,Z,1.28092231096333,0.863888122461628,1.89927598732152,0.247580373896195,0.200965500178669,0.217966040959248,28,3012,5.61122244488978,6.3011234074601,28,10.7142857142857,0.311476163469542
I83,I,0.756204946531357,0.476681330115691,1.19963985377758,-0.279442846246306,0.235440936807486,0.235270421208013,19,2433,3.80761523046092,5.08985167674316,19,26.3157894736842,0.335169861597878
M46,M,1.53171384220228,0.756386919807688,3.101781949099,0.426387266797294,0.359994643794264,0.236244197477138,8,510,1.60320641282565,1.06692328612372,8,0,0.335524734453726
I47,I,1.41505113176441,0.793633617501828,2.52304043244882,0.347165665964879,0.2950505250562,0.239342722087063,12,949,2.40480961923848,1.98531411476747,12,16.6666666666667,0.338885872557523
I84,I,1.2230082059043,0.872699656909767,1.71393337887367,0.201313566334446,0.17218233892036,0.242327796950002,37,3073,7.41482965931864,6.42873580050627,37,24.3243243243243,0.34206637191418
T85,T,1.5209827958645,0.751590025719069,3.07799277019743,0.419356702144481,0.359653563472304,0.243613717987118,8,532,1.60320641282565,1.11294742787808,8,0,0.342836326528984
Z02,Z,1.61443396760611,0.716215317679491,3.63912495505545,0.478984410786166,0.414672880101894,0.248053658053877,6,368,1.20240480961924,0.769858371163783,6,16.6666666666667,0.348026799027106
M13,M,1.18025432480462,0.885402791423225,1.57329554945366,0.165729944749869,0.146654362608857,0.258446013728915,54,4640,10.8216432865731,9.70690989728248,54,18.5185185185185,0.360606832640643
N19,N,1.59680685004198,0.708227843664803,3.60024268905726,0.468005916421811,0.414793541017894,0.259198979811259,6,445,1.20240480961924,0.930942867304031,6,16.6666666666667,0.360606832640643
N92,N,1.19495542390878,0.876871448664699,1.62842394663829,0.178108882519344,0.157910081960878,0.259356534059037,49,2887,9.81963927855711,6.03962260203761,49,51.0204081632653,0.360606832640643
S02,S,1.59245394790294,0.706579586026342,3.58899354912456,0.465276189931719,0.41458960450522,0.26175307660003,6,399,1.20240480961924,0.834710570908558,6,16.6666666666667,0.362849324747946
K64,K,1.16555580578043,0.88830760224497,1.52933548351399,0.153198059754886,0.138589416736017,0.268982183256257,60,5167,12.0240480961924,10.8093972929437,60,23.3333333333333,0.371757465216856
Z09,Z,1.2655946997568,0.829520853589972,1.93090979825353,0.23554213009328,0.215535285616927,0.274471087858867,23,1937,4.60921843687375,4.05221648082676,23,17.3913043478261,0.378214624043618
S62,S,1.51217202263195,0.712194025533672,3.21073210957831,0.413547042867822,0.384159152953812,0.281704032846065,7,467,1.40280561122245,0.976967009058388,7,14.2857142857143,0.38702957628406
B02,B,1.24358918202824,0.835242399100588,1.85157512995388,0.218001700248768,0.203079080706325,0.283054993299928,26,2078,5.21042084168337,4.34718938934332,26,26.9230769230769,0.387735094372387
N23,N,1.50781631806817,0.710137494673288,3.20150684351433,0.410662457172351,0.384162821631792,0.285078582882519,7,532,1.40280561122245,1.11294742787808,7,28.5714285714286,0.389355114674355
L57,L,1.25181615037706,0.825567061997501,1.89814219398882,0.224595417148403,0.212387856140541,0.290293636378076,24,2211,4.80961923847695,4.62542624631284,24,4.16666666666667,0.395311628361909
M76,M,1.36421214026538,0.765865972407366,2.43002670271075,0.310577075381831,0.294553658510259,0.291700291719868,12,866,2.40480961923848,1.81167757996695,12,16.6666666666667,0.396062272921697
H02,H,1.26018111276407,0.818520964477099,1.94015365016559,0.231255450922689,0.220159040883973,0.293533422414669,22,1826,4.40881763527054,3.8200037656116,22,27.2727272727273,0.397303087150057
K37,K,0.623056176703445,0.257330506874071,1.50856190369332,-0.473118592986282,0.451160922627293,0.294330364778552,5,765,1.00200400801603,1.60038492918558,5,80,0.397303087150057
Z85,Z,1.15727816390168,0.880222057249238,1.52153963606528,0.146070837553975,0.13961831791452,0.295461583670841,61,5743,12.2244488977956,12.0143930043305,61,8.19672131147541,0.397670678022092
H91,H,1.25660589356626,0.814567239961177,1.93852427924885,0.22841435106505,0.221179924360298,0.301740412524152,22,2029,4.40881763527054,4.24468107361771,22,18.1818181818182,0.404944379706326
Z97,Z,1.48505270348122,0.699569642008918,3.15248318349522,0.395450262184633,0.384051118529966,0.303159627893393,7,488,1.40280561122245,1.02089914436936,7,14.2857142857143,0.404952915186603
H40,H,0.747122664800111,0.428595003296954,1.30237700384779,-0.29152589742385,0.283529059583331,0.303853571643598,13,1931,2.60521042084168,4.03966444216648,13,15.3846153846154,0.404952915186603
Z08,Z,0.6289629048025,0.259463521439501,1.52466263243035,-0.463682998897571,0.451763346860885,0.304710274812078,5,931,1.00200400801603,1.94765799878664,5,0,0.404952915186603
N64,N,1.24884828190708,0.815656236154966,1.91210703981666,0.222221752113506,0.217338798018578,0.306559916488946,23,1384,4.60921843687375,2.89533691763771,23,17.3913043478261,0.404952915186603
E55,E,1.39034406992926,0.738920629496056,2.61605449303235,0.329551248834735,0.322508171027101,0.306857368877763,10,668,2.00400801603206,1.39746030417774,10,10,0.404952915186603
L65,L,1.48217531617967,0.696630000420959,3.1535300899542,0.393510816894675,0.385210036707053,0.306994542614466,7,367,1.40280561122245,0.767766364720403,7,14.2857142857143,0.404952915186603
N13,N,1.41308666133151,0.726556275322128,2.74832656499695,0.345776433266501,0.339395801718438,0.308297939060414,9,725,1.80360721442886,1.51670467145039,9,11.1111111111111,0.405516891434578
G47,G,1.23308671663664,0.822156028201528,1.84940911285639,0.209520551503697,0.206808999036724,0.311006960686002,25,2123,5.01002004008016,4.44132967929541,25,20,0.407921311041413
R73,R,1.51977828307184,0.674471165927427,3.42449929126445,0.41856445781854,0.414485107590286,0.312571008334301,6,426,1.20240480961924,0.891194744879814,6,0,0.407950749501278
J32,J,0.73404460765093,0.402702776522879,1.33801284081982,-0.309185478847858,0.306311753843429,0.312791611388669,11,1404,2.20440881763527,2.9371770465053,11,63.6363636363636,0.407950749501278
H10,H,1.20394885703544,0.838983905367835,1.72767658721825,0.185606868439116,0.184270726658914,0.313814184110444,32,2496,6.41282565130261,5.22164808267609,32,25,0.40813473944701
M10,M,0.734427286950686,0.400043006529492,1.34831363381922,-0.308664284932162,0.309958641019249,0.31933561815063,11,2052,2.20440881763527,4.29279722181544,11,36.3636363636364,0.41318697696334
B07,B,0.769315960932289,0.459055645961632,1.28927081706046,-0.262253521387756,0.263433837678616,0.319483666852864,15,1803,3.0060120240481,3.77188761741386,15,20,0.41318697696334
B34,B,1.27169422936708,0.791195306401074,2.04400380022698,0.240350050302952,0.242122694514096,0.320866540795047,18,1263,3.60721442885772,2.64220413798875,18,38.8888888888889,0.413819521972443
K02,K,1.39392179846873,0.716977733486397,2.71001160774982,0.332121212105294,0.339199850040642,0.327515075982807,9,618,1.80360721442886,1.29285998200874,9,11.1111111111111,0.421220778277888
Z12,Z,1.22546382690111,0.802781383253406,1.87069807841952,0.203319406537835,0.215812376854963,0.346135356999081,23,1673,4.60921843687375,3.49992677977448,23,8.69565217391304,0.443935374766134
C509,C,0.703319703088085,0.33145245507633,1.49239686469662,-0.351943720863534,0.38384039917329,0.359194417488764,7,773,1.40280561122245,1.61712098073262,7,0,0.459411644467673
K40,K,0.797059405875639,0.488938162073849,1.29935387698142,-0.22682606611189,0.249333259856399,0.362964665737273,18,3272,3.60721442885772,6.84504508273886,18,11.1111111111111,0.462954931780599
J12,J,1.48593282294136,0.611148724178766,3.61286257655446,0.396042738639366,0.45329473315053,0.382282696100501,5,369,1.00200400801603,0.771950377607163,5,0,0.486255187622341
E66,E,1.12889414433436,0.856783981694252,1.48742508770103,0.121238520217575,0.140718354970669,0.388924940087302,58,5146,11.623246492986,10.7654651576327,58,15.5172413793103,0.49334862263129
M19,M,0.90062616705128,0.705652196301068,1.14947207282752,-0.104665016405423,0.124473360342098,0.400424809101932,82,8962,16.4328657314629,18.7485617455702,82,21.9512195121951,0.506548324082499
G43,G,1.15567169794995,0.823398502761054,1.62203000001093,0.144681731601833,0.172957510005829,0.402864656163346,37,2675,7.41482965931864,5.59611723604109,37,62.1621621621622,0.508246146603895
I45,I,1.32572086765713,0.680109791037516,2.58419426113604,0.28195636255805,0.340539489283045,0.40768768680087,9,876,1.80360721442886,1.83259764440074,9,22.2222222222222,0.511577168555312
E03,E,1.13297002156307,0.843069082657327,1.5225573991098,0.124842522351658,0.150790254134866,0.407714849237387,51,3955,10.2204408817635,8.27388548356729,51,35.2941176470588,0.511577168555312
C443,C,1.31978412963392,0.677386984958109,2.57139594871503,0.277468185068337,0.340296294429192,0.414859213523333,9,813,1.80360721442886,1.70080123846781,9,11.1111111111111,0.519134637462981
B36,B,1.33927337125822,0.662376198212942,2.70790702896713,0.292127206631495,0.35920857950904,0.416073414193278,8,592,1.60320641282565,1.23846781448087,8,0,0.519250648979751
K55,K,1.44256483187858,0.592754941870187,3.51071437313908,0.366422662500097,0.453773918051071,0.419378190644131,5,369,1.00200400801603,0.771950377607163,5,20,0.521274630502203
B05,B,1.15758787339468,0.810755573351515,1.65279120942835,0.14633842063642,0.181697489866828,0.420591233915159,33,2629,6.61322645290581,5.49988493964561,33,100,0.521274630502203
Z82,Z,0.841209501902202,0.552029743170848,1.28187554175237,-0.172914539565697,0.214917761242384,0.421072811679966,23,2888,4.60921843687375,6.04171460848099,23,17.3913043478261,0.521274630502203
J30,J,0.888526377978434,0.663601681783531,1.18968825130405,-0.118190943613785,0.14891951159288,0.427395410124726,51,5211,10.2204408817635,10.9014455764524,51,62.7450980392157,0.527690866367328
R12,R,1.35085375856887,0.636495241306465,2.86695918306326,0.300736806315747,0.383936297792491,0.433451721301642,7,468,1.40280561122245,0.979059015501768,7,0,0.532766407669873
K65,K,1.42585055270752,0.586469714061319,3.46658957813423,0.354768514752132,0.453266717042435,0.433807636482813,5,364,1.00200400801603,0.761490345390264,5,20,0.532766407669873
H60,H,1.16651599866069,0.789418602592479,1.72374906122375,0.154021527482331,0.19922452960721,0.439460101102101,27,2276,5.41082164328657,4.76140666513253,27,29.6296296296296,0.538280494207071
M67,M,1.20829376277598,0.731503089583426,1.99585461490634,0.189209251054832,0.256052594876701,0.459939289595459,16,1216,3.2064128256513,2.54387983514989,16,12.5,0.561878340587592
L20,L,0.833996743318894,0.505501545706541,1.37596130768373,-0.181525781524427,0.255448163889964,0.477321669556225,16,1774,3.2064128256513,3.71121943055585,16,31.25,0.581578771064558
H36,H,1.33994948703568,0.595004253806465,3.01756603641222,0.29263191701027,0.41419318429478,0.479870600326592,6,534,1.20240480961924,1.11713144076484,6,50,0.583149837142289
E11,E,1.12079500170953,0.815553964951552,1.54027996900449,0.114038256456778,0.162207113010387,0.482030177647032,43,4463,8.61723446893788,9.33662475680425,43,18.6046511627907,0.584240765053864
J31,J,1.25805654010104,0.647506914050026,2.4443078888401,0.229568101704714,0.338874443418689,0.498124957106377,9,734,1.80360721442886,1.53553272944081,9,44.4444444444444,0.602171945535908
K57,K,0.914158353429021,0.698476753381198,1.19643995465656,-0.0897514693299715,0.13729689402058,0.513302804866277,63,7216,12.625250501002,15.095918495429,63,11.1111111111111,0.618904163159079
K11,K,1.34178208347926,0.552116828667363,3.26086629869893,0.293998643455966,0.453058292050186,0.516390005971584,5,358,1.00200400801603,0.748938306729985,5,40,0.621009279908684
N20,N,1.19766804758249,0.687044103324998,2.08779719563581,0.180376372467745,0.283537328728802,0.524669233002483,13,1241,2.60521042084168,2.59617999623439,13,38.4615384615385,0.629331230259455
Z90,Z,1.09453065695171,0.817489474454977,1.46545906270639,0.0903256475946346,0.148899438353409,0.544101919319999,52,4555,10.4208416833667,9.5290893495952,52,9.61538461538462,0.650953975827286
N80,N,1.16821594293979,0.703171967086505,1.94081754281711,0.155477749971273,0.258995687835382,0.548299530410139,16,955,3.2064128256513,1.99786615342775,16,62.5,0.654285264381171
L85,L,1.30541536202992,0.537179889579794,3.17232513815201,0.266521275213103,0.453032411161459,0.556327527059897,5,418,1.00200400801603,0.874458693332776,5,20,0.662158470510879
K82,K,1.27183960719887,0.564917965895979,2.86338209101607,0.240464361997848,0.414050568101809,0.561401640862334,6,432,1.20240480961924,0.903746783540093,6,50,0.666484512100668
G57,G,1.22338125106478,0.604804536911118,2.47462046680511,0.201618542438978,0.359422701570128,0.574830906179498,8,574,1.60320641282565,1.20081169850003,8,37.5,0.680682121639662
L70,L,0.81296497183124,0.383308665942618,1.72422933303446,-0.207067255440941,0.383595633998699,0.589330773741904,7,693,1.40280561122245,1.44976046526223,7,85.7142857142857,0.696071806741076
L40,L,1.13715460086925,0.708103418590966,1.82617475403698,0.128529178145232,0.241680766655551,0.594854931696323,18,1582,3.60721442885772,3.30955419342692,18,44.4444444444444,0.700808736324167
I48,I,1.09925736550754,0.773780824388038,1.5616395722629,0.0946348295407875,0.179133391662964,0.597296327708299,36,4228,7.21442885771543,8.84500324260999,36,16.6666666666667,0.70189898408361
J40,J,1.1592858134429,0.651182637267352,2.06385047809283,0.147804137444242,0.294270033044127,0.615474913089719,12,1013,2.40480961923848,2.11920252714378,12,33.3333333333333,0.721430088001367
L72,L,1.1213900259915,0.706851894469911,1.77903688202784,0.114569010420959,0.235460780579246,0.62656050363736,19,1654,3.80761523046092,3.46017865735026,19,21.0526315789474,0.73256947773762
H65,H,1.18701979841936,0.587365059697301,2.39887609686158,0.17144579486447,0.358956397873312,0.632918630568673,8,639,1.60320641282565,1.33679211731972,8,12.5,0.738139360083868
K63,K,1.08095398549103,0.776972894219664,1.50386394099689,0.0778439711377942,0.168466217109675,0.644027776385195,39,3896,7.81563126252505,8.15045710340788,39,20.5128205128205,0.749208192126495
J00,J,0.816738059716647,0.336940352609052,1.97976007629961,-0.202436847871184,0.451741077372173,0.654062383239646,5,584,1.00200400801603,1.22173176293383,5,20,0.757180570371029
H93,H,1.10583271485262,0.712113233802259,1.71723531482337,0.10059863926669,0.224549481246248,0.654151680666116,21,1953,4.20841683366734,4.08568858392084,21,19.0476190476191,0.757180570371029
E07,E,1.21729918984515,0.500432742649068,2.96107187102425,0.19663462589894,0.453528926263872,0.664603783680103,5,354,1.00200400801603,0.740570280956465,5,60,0.766561140898782
J20,J,0.822593891580635,0.339306641742241,1.99424540289372,-0.195292648960242,0.451815501829671,0.665567124495271,5,577,1.00200400801603,1.20708771783017,5,0,0.766561140898782
Y43,Y,0.823492495313897,0.33965305470477,1.99656643873777,-0.194200842564563,0.451851922008525,0.667349365757108,5,597,1.00200400801603,1.24892784669777,5,0,0.766706591428141
R91,R,0.842251528893736,0.374675068679135,1.89334091650315,-0.171676581447807,0.413275270765338,0.677845504412216,6,789,1.20240480961924,1.6505930838267,6,16.6666666666667,0.776837793422911
J34,J,1.09458748043853,0.697727444330516,1.71717733345347,0.0903775620946983,0.22974708952746,0.694039957667229,20,1856,4.00801603206413,3.88276395891299,20,40,0.792611976411696
E89,E,1.19393048110261,0.490818954281359,2.90426842987967,0.1772507897432,0.453536090550565,0.695930592341402,5,371,1.00200400801603,0.776134390493923,5,40,0.792611976411696
M16,M,0.920633402893778,0.607391597356963,1.39541914345197,-0.0826933644273684,0.212187855013851,0.696745301078964,24,2727,4.80961923847695,5.70490157109684,24,8.33333333333333,0.792611976411696
Z45,Z,0.844444753223005,0.348303759407918,2.04731336365143,-0.169075964385179,0.451838950863141,0.708259098501084,5,647,1.00200400801603,1.35352816886676,5,0,0.803735202465691
R59,R,1.15160239829195,0.543352795261744,2.44074953753189,0.141154362327479,0.383240212917489,0.712635950346073,7,633,1.40280561122245,1.32424007865944,7,28.5714285714286,0.806724804425994
L50,L,1.10177412304168,0.645079384169417,1.88179354044503,0.0969217197048743,0.273114088384103,0.722682257281343,14,1139,2.80561122244489,2.38279533900964,14,28.5714285714286,0.816102158832346
H52,H,0.905176303782396,0.519320933762499,1.57772215148922,-0.0996255434460948,0.283473303059795,0.725253817253105,13,1482,2.60521042084168,3.10035354908893,13,7.69230769230769,0.816770223692511
M75,M,1.06198183156391,0.757884447036531,1.48809678702574,0.060136814918146,0.172123043072243,0.726802013307375,37,3471,7.41482965931864,7.26135436497144,37,21.6216216216216,0.816770223692511
J04,J,0.855311909271403,0.352520604394002,2.07522185376674,-0.156289070405583,0.45222302849537,0.729642030006192,5,495,1.00200400801603,1.03554318947302,5,0,0.817382778275633
H35,H,0.912786293696086,0.542672234019008,1.53532605084463,-0.0912534962173778,0.265304217180726,0.730877905412769,15,1841,3.0060120240481,3.8513838622623,15,20,0.817382778275633
I49,I,1.0964659189029,0.641295503982,1.87470129425594,0.0920922066808548,0.27365159710215,0.736470586034084,14,1463,2.80561122244489,3.06060542666471,14,7.14285714285714,0.821652726105496
M53,M,1.1192404412047,0.553725228687004,2.26231188381736,0.112650277744819,0.359049474549117,0.753714084710576,8,647,1.60320641282565,1.35352816886676,8,37.5,0.83736795551942
N90,N,0.893421676947355,0.441276594731788,1.8088480158903,-0.112696606929599,0.359891221568597,0.754173730996972,8,673,1.60320641282565,1.40792033639464,8,12.5,0.83736795551942
B06,B,1.09513445217209,0.6145962428819,1.9513940773711,0.0908771431024859,0.294728002815333,0.757821797417326,12,922,2.40480961923848,1.92882994079622,12,100,0.839405483742158
H11,H,0.897131685752273,0.444191174017394,1.81193438469626,-0.108552620839692,0.358646742994155,0.762139213777526,8,932,1.60320641282565,1.94975000523002,8,37.5,0.842172925964188
J45,J,1.03726617096799,0.813344492688068,1.32283567308451,0.0365885703411683,0.124076071061315,0.768079279709752,78,7067,15.6312625250501,14.7842095353654,78,69.2307692307692,0.846677641559752
Z47,Z,1.12861847685762,0.501747681896657,2.53868570252163,0.120994297903581,0.413598065947194,0.769873190273554,6,489,1.20240480961924,1.02299115081274,6,0,0.846677641559752
O03,O,0.902781855991349,0.444752578019243,1.83251344632323,-0.10227433172482,0.361205522535719,0.777064002278899,8,602,1.60320641282565,1.25938787891467,8,75,0.852560741836801
K25,K,0.918610498273518,0.503449985955896,1.67612527773959,-0.0848930785975981,0.306825421387063,0.782024276008698,11,1297,2.20440881763527,2.71333235706366,11,18.1818181818182,0.853114458254575
F10,F,1.08485796931374,0.608713247376635,1.93345030464783,0.081449074565457,0.294825028006459,0.782346520593375,12,1236,2.40480961923848,2.58571996401749,12,33.3333333333333,0.853114458254575
K35,K,1.12057698970526,0.498222658475453,2.5203446059625,0.113843722032513,0.413546897213993,0.783096424963702,6,502,1.20240480961924,1.05018723457668,6,16.6666666666667,0.853114458254575
S61,S,1.11540499920874,0.495838979664212,2.50913777110139,0.109217566950666,0.413633474330557,0.791745772458761,6,583,1.20240480961924,1.21963975649045,6,0,0.860512424057292
L82,L,0.952622745041457,0.656042418519129,1.3832796001496,-0.0485363140985583,0.190302814108821,0.798686180517027,30,3271,6.01202404809619,6.84295307629548,30,13.3333333333333,0.864023241479243
H18,H,0.891028392195776,0.367090466186039,2.16276822426826,-0.115378986479432,0.452432639262965,0.798708309617961,5,594,1.00200400801603,1.24265182736763,5,20,0.864023241479243
N73,N,1.09421095840485,0.539242301742529,2.22033326692707,0.0900335175899917,0.361032544522807,0.803068521751091,8,510,1.60320641282565,1.06692328612372,8,50,0.866714978020408
M06,M,1.06671801001173,0.635189049211446,1.79141519252577,0.064586654365144,0.264499624219071,0.807088089467495,15,1321,3.0060120240481,2.76354051170478,15,26.6666666666667,0.869027407961512
K14,K,1.10658167799592,0.455899374224817,2.68595018836858,0.101275694319609,0.452427989131786,0.822874557609501,5,435,1.00200400801603,0.910022802870233,5,0,0.883969652374011
H81,H,1.05350028218329,0.627507610354287,1.76868427768333,0.0521182221152129,0.264345766382814,0.843702891587047,15,1350,3.0060120240481,2.82420869856279,15,20,0.904246386122229
B01,B,1.03095127920698,0.75098700102771,1.41528486996979,0.0304819480569092,0.161657594035333,0.850438693632758,43,3695,8.61723446893788,7.72996380828853,43,100,0.909360543076136
C504,C,0.932337765181767,0.41372092644061,2.10106294564946,-0.0700601209575112,0.414542603175398,0.865792047650055,6,497,1.20240480961924,1.03972720235978,6,0,0.922821550248404
J33,J,0.933148071505076,0.415172164406891,2.09735959682559,-0.0691913860056448,0.413199288153781,0.867013767511999,6,729,1.20240480961924,1.52507269722391,6,66.6666666666667,0.922821550248404
L91,L,1.0683774332268,0.475173375345881,2.40213446091634,0.0661410800040105,0.413375826948927,0.872879268277482,6,528,1.20240480961924,1.10457940210456,6,0,0.92613267351207
I27,I,0.937845975945234,0.416394831163344,2.1123102612473,-0.0641695482082061,0.414261126154364,0.876899202554136,6,764,1.20240480961924,1.5982929227422,6,33.3333333333333,0.92613267351207
T84,T,0.949092537896751,0.488758759406749,1.84298823940189,-0.0522489741706127,0.338590444700359,0.877362791841226,9,952,1.80360721442886,1.99159013409761,9,22.2222222222222,0.92613267351207
C61,C,0.945630333501248,0.457453328146393,1.95477149824455,-0.0559035542690398,0.370498398052023,0.880064509618954,8,1476,1.60320641282565,3.08780151042865,8,12.5,0.92613267351207
H00,H,1.04085713276853,0.60983718001342,1.77651282398244,0.0400445398384575,0.272759089435193,0.883279740153144,14,1305,2.80561122244489,2.7300684086107,14,7.14285714285714,0.92613267351207
T82,T,0.936982391091021,0.386117333307111,2.27375444063878,-0.0650907897794055,0.452307751851992,0.885572968522124,5,628,1.00200400801603,1.31378004644254,5,20,0.92613267351207
K66,K,1.04702565122306,0.557427351228253,1.96664679604175,0.045953431323782,0.321620677123038,0.88638429367758,10,910,2.00400801603206,1.90372586347566,10,10,0.92613267351207
M89,M,1.0555338398784,0.497781140418383,2.23823603721105,0.0540466483118734,0.383490522417974,0.887922504341747,7,597,1.40280561122245,1.24892784669777,7,28.5714285714286,0.92613267351207
K42,K,1.0509939796373,0.519896475571381,2.12463133938326,0.0497363636551007,0.359113232817119,0.889847072115104,8,874,1.60320641282565,1.82841363151399,8,12.5,0.92613267351207
N88,N,1.0646874187255,0.437510933060275,2.59092793787668,0.0626812525366581,0.453742263357811,0.890127515578555,5,349,1.00200400801603,0.730110248739566,5,20,0.92613267351207
L71,L,1.04602841842473,0.493590941027377,2.21676566809491,0.0450005339397622,0.383188108857661,0.906513616264029,7,605,1.40280561122245,1.26566389824481,7,14.2857142857143,0.941066825852568
O80,O,0.975262494912842,0.624713531120093,1.52251694032985,-0.0250486186673519,0.227251768296327,0.912231660039851,21,1510,4.20841683366734,3.15892972950357,21,80.952380952381,0.944052314796911
K30,K,0.975888546009568,0.628366060538544,1.515610905873,-0.0244068937520792,0.224604841650375,0.913467466585348,21,2048,4.20841683366734,4.28442919604192,21,14.2857142857143,0.944052314796911
N84,N,0.979799198748141,0.650539001047892,1.47570932460793,-0.0204076275488266,0.208952244788509,0.922197143565909,25,1897,5.01002004008016,3.96853622309157,25,48,0.950951620202708
M70,M,0.976101096812805,0.591384567375955,1.61108930425211,-0.024189115133367,0.255663087673612,0.924622026615205,16,1667,3.2064128256513,3.4873747411142,16,12.5,0.951333329606311
J47,J,0.967321717909474,0.455983421180007,2.05207308528428,-0.0332241419527682,0.383711574100666,0.931000404730002,7,777,1.40280561122245,1.62548900650614,7,14.2857142857143,0.955772034124149
K90,K,1.03359993013824,0.459567205203228,2.32464110468747,0.0330477864554813,0.413529529129222,0.93630375547845,6,519,1.20240480961924,1.08575134411414,6,16.6666666666667,0.958234655164155
B26,B,1.01864144304163,0.641794365769203,1.61676456638618,0.0184698209175857,0.235692423498857,0.937538442309638,19,1681,3.80761523046092,3.51666283132152,19,100,0.958234655164155
H01,H,1.02832146582136,0.485100906918235,2.1798455166509,0.027927828092371,0.383329684834722,0.941920789605524,7,662,1.40280561122245,1.38490826551746,7,14.2857142857143,0.960593228165986
Z30,Z,1.01676147694762,0.579365731367655,1.78437184844244,0.0166225536171934,0.286961170431942,0.953807459468881,13,1053,2.60521042084168,2.20288278487898,13,46.1538461538462,0.970577700514488
M77,M,0.990446426166468,0.697773850610545,1.40587687865858,-0.00959950197268463,0.178704450512843,0.957160482251634,34,3315,6.81362725450902,6.93500135980419,34,26.4705882352941,0.970892572259586
M35,M,1.01792417489918,0.52290690889036,1.98155657962714,0.0177654309722894,0.339855742962194,0.958310811063998,9,854,1.80360721442886,1.78657350264639,9,11.1111111111111,0.970892572259586
N81,N,1.00972287975269,0.67410943021662,1.51242550273839,0.00967591672256746,0.20614221357113,0.962562589634168,26,2053,5.21042084168337,4.29488922825882,26,50,0.973070914848515
L30,L,1.00562280564627,0.756893147663622,1.33608981711288,0.00560705668259904,0.144969512525527,0.969147521391713,54,5121,10.8216432865731,10.7131649965482,54,33.3333333333333,0.977593251425627
M24,M,1.01094425651189,0.449739178944271,2.27244664824057,0.0108848015369171,0.413251157211799,0.978986602113326,6,560,1.20240480961924,1.17152360829271,6,16.6666666666667,0.9853712973445
N63,N,0.995765061254636,0.645117269373321,1.53700436229006,-0.00424393149660009,0.221468997058086,0.98471135808043,22,1650,4.40881763527054,3.45181063157675,22,22.7272727272727,0.988983424709846
B98,B,0.992685336855806,0.409269009720219,2.40776641916321,-0.00734154646784477,0.452061768979993,0.987042812500696,5,510,1.00200400801603,1.06692328612372,5,20,0.98917926880481
D069,D,0.994505697521955,0.408121378933121,2.42340057016642,-0.00550945167289206,0.454429183552834,0.990326768398159,5,345,1.00200400801603,0.721742222966047,5,100,0.990326768398159
